-- MySQL dump 10.13  Distrib 8.0.15, for Win64 (x86_64)
--
-- Host: localhost    Database: transportation
-- ------------------------------------------------------
-- Server version	8.0.15

/*!40101 SET @OLD_CHARACTER_SET_CLIENT=@@CHARACTER_SET_CLIENT */;
/*!40101 SET @OLD_CHARACTER_SET_RESULTS=@@CHARACTER_SET_RESULTS */;
/*!40101 SET @OLD_COLLATION_CONNECTION=@@COLLATION_CONNECTION */;
 SET NAMES utf8mb4 ;
/*!40103 SET @OLD_TIME_ZONE=@@TIME_ZONE */;
/*!40103 SET TIME_ZONE='+00:00' */;
/*!40014 SET @OLD_UNIQUE_CHECKS=@@UNIQUE_CHECKS, UNIQUE_CHECKS=0 */;
/*!40014 SET @OLD_FOREIGN_KEY_CHECKS=@@FOREIGN_KEY_CHECKS, FOREIGN_KEY_CHECKS=0 */;
/*!40101 SET @OLD_SQL_MODE=@@SQL_MODE, SQL_MODE='NO_AUTO_VALUE_ON_ZERO' */;
/*!40111 SET @OLD_SQL_NOTES=@@SQL_NOTES, SQL_NOTES=0 */;

--
-- Table structure for table `accident`
--

DROP TABLE IF EXISTS `accident`;
/*!40101 SET @saved_cs_client     = @@character_set_client */;
 SET character_set_client = utf8mb4 ;
CREATE TABLE `accident` (
  `id` int(11) NOT NULL AUTO_INCREMENT,
  `SGCNo` varchar(20) NOT NULL,
  `ZSDName` varchar(20) NOT NULL,
  `Time` datetime(6) NOT NULL,
  `Spot` varchar(50) NOT NULL,
  `Cause` longtext NOT NULL,
  `Money` int(11) NOT NULL,
  `isDelete` tinyint(1) NOT NULL,
  `ZSCNo_id` varchar(20) NOT NULL,
  `ZSDNo_id` int(11) NOT NULL,
  PRIMARY KEY (`id`),
  KEY `Accident_ZSCNo_id_03c692f0_fk_Car_CNo` (`ZSCNo_id`),
  KEY `Accident_ZSDNo_id_17e6003e_fk_Driver_id` (`ZSDNo_id`),
  CONSTRAINT `Accident_ZSCNo_id_03c692f0_fk_Car_CNo` FOREIGN KEY (`ZSCNo_id`) REFERENCES `car` (`CNo`),
  CONSTRAINT `Accident_ZSDNo_id_17e6003e_fk_Driver_id` FOREIGN KEY (`ZSDNo_id`) REFERENCES `driver` (`id`)
) ENGINE=InnoDB AUTO_INCREMENT=51 DEFAULT CHARSET=utf8mb4 COLLATE=utf8mb4_0900_ai_ci;
/*!40101 SET character_set_client = @saved_cs_client */;

--
-- Dumping data for table `accident`
--

LOCK TABLES `accident` WRITE;
/*!40000 ALTER TABLE `accident` DISABLE KEYS */;
INSERT INTO `accident` VALUES (1,'皖A2610','Ronald','2018-06-02 11:18:19.446262','乡村小道','超车事故',5000,0,'皖A9762',192),(2,'豫B6551','Martin','2016-08-27 11:18:19.472274','市中心','疲劳驾驶',60000,0,'辽K8144',76),(3,'鲁N2292','Reed','2018-03-04 11:18:19.488266','立交桥','超车事故',2000,0,'豫E2283',127),(4,'冀D4815','Nelson','2018-05-14 11:18:19.498263','市中心','疲劳驾驶',5000,0,'豫B9732',65),(5,'冀D8235','Jackson','2018-09-18 11:18:19.509260','乡村小道','司机酒驾',20000,0,'新B4332',95),(6,'豫E8776','JamesJacob','2018-04-17 11:18:19.544265','乡村小道','疲劳驾驶',5000,0,'新B3173',106),(7,'豫B9437','Roy','2017-03-01 11:18:19.557265','市中心','天气因素',2000,0,'皖A1209',80),(8,'豫B3460','Reed','2018-10-25 11:18:19.568264','不详','不详',100,0,'辽K6243',85),(9,'豫B3605','Ronald','2018-11-09 11:18:19.608264','乡村小道','超车事故',20000,0,'豫B9127',50),(10,'辽K3732','Norman','2017-11-26 11:18:19.620271','高速公路','司机酒驾',10000,0,'豫B8906',33),(11,'皖A7075','Ray','2017-05-28 11:18:19.630267','市中心','超车事故',200,0,'鲁N5983',90),(12,'鲁N8874','Jonathan','2017-01-14 11:18:19.645264','高速公路','疲劳驾驶',20000,0,'豫B1663',148),(13,'皖A7766','Andy','2017-09-16 11:18:19.657263','不详','疲劳驾驶',10000,0,'辽K2538',97),(14,'新B3480','Aaron','2018-07-14 11:18:19.670265','立交桥','司机酒驾',30000,0,'鲁N8696',124),(15,'豫B5641','Noah','2018-10-16 11:18:19.701263','不详','司机酒驾',20000,0,'皖A4992',16),(16,'鲁N5987','Aidan','2017-01-07 11:18:19.713269','市中心','不详',60000,0,'鲁N6703',38),(17,'辽K8191','Arthur','2018-02-18 11:18:19.725263','乡村小道','疲劳驾驶',30000,0,'豫B6416',60),(18,'鲁N4112','Johnny','2017-09-11 11:18:19.738265','不详','不详',10000,0,'冀D8969',54),(19,'豫B9603','Marks','2017-12-20 11:18:19.749263','立交桥','不详',30000,0,'皖A2046',117),(20,'鲁N2545','Anthony','2017-06-21 11:18:19.761262','市中心','超速驾驶',2000,0,'辽K8363',125),(21,'冀D2224','Nicholas','2017-04-05 11:18:19.773268','市中心','疲劳驾驶',30000,0,'冀D2943',89),(22,'皖A8288','Albert','2018-12-23 11:18:19.784264','乡村小道','司机酒驾',100,0,'冀D4640',6),(23,'豫B3478','JoeJoseph','2016-11-22 11:18:19.795266','高速公路','天气因素',60000,0,'新B7623',102),(24,'冀D8923','Matthew','2016-07-14 11:18:19.826263','立交桥','超速驾驶',60000,0,'新B1299',40),(25,'鲁N1820','Jerome','2018-05-25 11:18:19.836262','高速公路','超车事故',60000,0,'冀D7447',126),(26,'皖A9493','Abraham','2018-01-29 11:18:19.847264','乡村小道','司机酒驾',10000,0,'皖A9449',131),(27,'豫E3013','Arthur','2017-01-07 11:18:19.858269','立交桥','追尾',60000,0,'鲁N9053',60),(28,'豫B7004','Aidan','2018-09-20 11:18:19.892267','高速公路','天气因素',20000,0,'新B7823',178),(29,'新B5646','Robinson','2017-12-25 11:18:19.903263','市中心','超车事故',10000,0,'豫B4804',187),(30,'冀D4217','Riley','2017-10-06 11:18:19.915270','高速公路','不详',60000,0,'辽K6337',174),(31,'豫B8014','Marshal','2018-08-12 11:18:19.926263','不详','天气因素',100,0,'鲁N8368',182),(32,'辽K8695','Adrian','2019-02-09 11:18:19.937269','乡村小道','疲劳驾驶',100,0,'冀D9998',75),(33,'鲁N6721','Riley','2016-09-06 11:18:19.971271','高速公路','追尾',200,0,'鲁N5286',174),(34,'豫B4293','Roy','2017-12-15 11:18:19.982268','立交桥','不详',2000,0,'豫E8907',80),(35,'鲁N4164','Jonathan','2019-02-08 11:18:19.995268','乡村小道','超速驾驶',60000,0,'皖A1738',148),(36,'皖A3726','JamesJacob','2019-02-20 11:18:20.024272','乡村小道','不详',200,0,'鲁N8531',42),(37,'豫B2882','Arnold','2018-11-21 11:18:20.037274','高速公路','疲劳驾驶',30000,0,'新B8756',70),(38,'冀D3376','Ray','2016-08-22 11:18:20.044288','乡村小道','司机酒驾',200,0,'鲁N5983',90),(39,'鲁N1791','Reed','2017-06-01 11:18:20.076265','不详','追尾',100,0,'皖A2163',127),(40,'豫E8377','Nicholas','2017-11-10 11:18:20.088267','立交桥','天气因素',100,0,'冀D5550',10),(41,'新B6698','Randolph','2018-02-15 11:18:20.099264','高速公路','天气因素',100,0,'皖A3153',79),(42,'冀D9825','Jonathan','2018-11-29 11:18:20.110267','高速公路','天气因素',30000,0,'辽K9769',148),(43,'豫B6052','Jordan','2018-05-26 11:18:20.122265','市中心','不详',60000,0,'辽K6565',108),(44,'豫E6294','Mike','2018-08-10 11:18:20.133266','不详','天气因素',60000,0,'豫B6627',61),(45,'豫B3252','Rock','2016-12-17 11:18:20.144264','市中心','追尾',20000,0,'鲁N8835',177),(46,'辽K4310','Alfred','2016-11-08 11:18:20.155265','立交桥','不详',2000,0,'豫E2262',145),(47,'新B7575','Jesse','2017-06-02 11:18:20.166264','市中心','追尾',2000,0,'豫E4619',144),(48,'新B2116','Nathan','2016-10-30 11:18:20.200268','立交桥','超车事故',30000,0,'冀D9804',87),(49,'豫B2767','Arnold','2017-01-04 11:18:20.211263','乡村小道','司机酒驾',60000,0,'冀D8200',70),(50,'冀D4420','Ronald','2016-07-02 11:18:20.218271','立交桥','追尾',10000,0,'豫B9127',50);
/*!40000 ALTER TABLE `accident` ENABLE KEYS */;
UNLOCK TABLES;

--
-- Table structure for table `auth_group`
--

DROP TABLE IF EXISTS `auth_group`;
/*!40101 SET @saved_cs_client     = @@character_set_client */;
 SET character_set_client = utf8mb4 ;
CREATE TABLE `auth_group` (
  `id` int(11) NOT NULL AUTO_INCREMENT,
  `name` varchar(80) NOT NULL,
  PRIMARY KEY (`id`),
  UNIQUE KEY `name` (`name`)
) ENGINE=InnoDB AUTO_INCREMENT=6 DEFAULT CHARSET=utf8mb4 COLLATE=utf8mb4_0900_ai_ci;
/*!40101 SET character_set_client = @saved_cs_client */;

--
-- Dumping data for table `auth_group`
--

LOCK TABLES `auth_group` WRITE;
/*!40000 ALTER TABLE `auth_group` DISABLE KEYS */;
INSERT INTO `auth_group` VALUES (5,'AccidentManager'),(1,'CarManager'),(2,'DriverManager'),(3,'ProposerManager'),(4,'RecordManager');
/*!40000 ALTER TABLE `auth_group` ENABLE KEYS */;
UNLOCK TABLES;

--
-- Table structure for table `auth_group_permissions`
--

DROP TABLE IF EXISTS `auth_group_permissions`;
/*!40101 SET @saved_cs_client     = @@character_set_client */;
 SET character_set_client = utf8mb4 ;
CREATE TABLE `auth_group_permissions` (
  `id` int(11) NOT NULL AUTO_INCREMENT,
  `group_id` int(11) NOT NULL,
  `permission_id` int(11) NOT NULL,
  PRIMARY KEY (`id`),
  UNIQUE KEY `auth_group_permissions_group_id_permission_id_0cd325b0_uniq` (`group_id`,`permission_id`),
  KEY `auth_group_permissio_permission_id_84c5c92e_fk_auth_perm` (`permission_id`),
  CONSTRAINT `auth_group_permissio_permission_id_84c5c92e_fk_auth_perm` FOREIGN KEY (`permission_id`) REFERENCES `auth_permission` (`id`),
  CONSTRAINT `auth_group_permissions_group_id_b120cbf9_fk_auth_group_id` FOREIGN KEY (`group_id`) REFERENCES `auth_group` (`id`)
) ENGINE=InnoDB AUTO_INCREMENT=21 DEFAULT CHARSET=utf8mb4 COLLATE=utf8mb4_0900_ai_ci;
/*!40101 SET character_set_client = @saved_cs_client */;

--
-- Dumping data for table `auth_group_permissions`
--

LOCK TABLES `auth_group_permissions` WRITE;
/*!40000 ALTER TABLE `auth_group_permissions` DISABLE KEYS */;
INSERT INTO `auth_group_permissions` VALUES (1,1,29),(3,1,30),(4,1,31),(2,1,32),(5,2,33),(7,2,34),(8,2,35),(6,2,36),(9,3,37),(11,3,38),(12,3,39),(10,3,40),(13,4,41),(15,4,42),(16,4,43),(14,4,44),(17,5,25),(19,5,26),(20,5,27),(18,5,28);
/*!40000 ALTER TABLE `auth_group_permissions` ENABLE KEYS */;
UNLOCK TABLES;

--
-- Table structure for table `auth_permission`
--

DROP TABLE IF EXISTS `auth_permission`;
/*!40101 SET @saved_cs_client     = @@character_set_client */;
 SET character_set_client = utf8mb4 ;
CREATE TABLE `auth_permission` (
  `id` int(11) NOT NULL AUTO_INCREMENT,
  `name` varchar(255) NOT NULL,
  `content_type_id` int(11) NOT NULL,
  `codename` varchar(100) NOT NULL,
  PRIMARY KEY (`id`),
  UNIQUE KEY `auth_permission_content_type_id_codename_01ab375a_uniq` (`content_type_id`,`codename`),
  CONSTRAINT `auth_permission_content_type_id_2f476e4b_fk_django_co` FOREIGN KEY (`content_type_id`) REFERENCES `django_content_type` (`id`)
) ENGINE=InnoDB AUTO_INCREMENT=45 DEFAULT CHARSET=utf8mb4 COLLATE=utf8mb4_0900_ai_ci;
/*!40101 SET character_set_client = @saved_cs_client */;

--
-- Dumping data for table `auth_permission`
--

LOCK TABLES `auth_permission` WRITE;
/*!40000 ALTER TABLE `auth_permission` DISABLE KEYS */;
INSERT INTO `auth_permission` VALUES (1,'Can add log entry',1,'add_logentry'),(2,'Can change log entry',1,'change_logentry'),(3,'Can delete log entry',1,'delete_logentry'),(4,'Can view log entry',1,'view_logentry'),(5,'Can add permission',2,'add_permission'),(6,'Can change permission',2,'change_permission'),(7,'Can delete permission',2,'delete_permission'),(8,'Can view permission',2,'view_permission'),(9,'Can add group',3,'add_group'),(10,'Can change group',3,'change_group'),(11,'Can delete group',3,'delete_group'),(12,'Can view group',3,'view_group'),(13,'Can add user',4,'add_user'),(14,'Can change user',4,'change_user'),(15,'Can delete user',4,'delete_user'),(16,'Can view user',4,'view_user'),(17,'Can add content type',5,'add_contenttype'),(18,'Can change content type',5,'change_contenttype'),(19,'Can delete content type',5,'delete_contenttype'),(20,'Can view content type',5,'view_contenttype'),(21,'Can add session',6,'add_session'),(22,'Can change session',6,'change_session'),(23,'Can delete session',6,'delete_session'),(24,'Can view session',6,'view_session'),(25,'Can add accident',7,'add_accident'),(26,'Can change accident',7,'change_accident'),(27,'Can delete accident',7,'delete_accident'),(28,'Can view accident',7,'view_accident'),(29,'Can add car',8,'add_car'),(30,'Can change car',8,'change_car'),(31,'Can delete car',8,'delete_car'),(32,'Can view car',8,'view_car'),(33,'Can add driver',9,'add_driver'),(34,'Can change driver',9,'change_driver'),(35,'Can delete driver',9,'delete_driver'),(36,'Can view driver',9,'view_driver'),(37,'Can add proposer',10,'add_proposer'),(38,'Can change proposer',10,'change_proposer'),(39,'Can delete proposer',10,'delete_proposer'),(40,'Can view proposer',10,'view_proposer'),(41,'Can add record',11,'add_record'),(42,'Can change record',11,'change_record'),(43,'Can delete record',11,'delete_record'),(44,'Can view record',11,'view_record');
/*!40000 ALTER TABLE `auth_permission` ENABLE KEYS */;
UNLOCK TABLES;

--
-- Table structure for table `auth_user`
--

DROP TABLE IF EXISTS `auth_user`;
/*!40101 SET @saved_cs_client     = @@character_set_client */;
 SET character_set_client = utf8mb4 ;
CREATE TABLE `auth_user` (
  `id` int(11) NOT NULL AUTO_INCREMENT,
  `password` varchar(128) NOT NULL,
  `last_login` datetime(6) DEFAULT NULL,
  `is_superuser` tinyint(1) NOT NULL,
  `username` varchar(150) NOT NULL,
  `first_name` varchar(30) NOT NULL,
  `last_name` varchar(150) NOT NULL,
  `email` varchar(254) NOT NULL,
  `is_staff` tinyint(1) NOT NULL,
  `is_active` tinyint(1) NOT NULL,
  `date_joined` datetime(6) NOT NULL,
  PRIMARY KEY (`id`),
  UNIQUE KEY `username` (`username`)
) ENGINE=InnoDB AUTO_INCREMENT=85 DEFAULT CHARSET=utf8mb4 COLLATE=utf8mb4_0900_ai_ci;
/*!40101 SET character_set_client = @saved_cs_client */;

--
-- Dumping data for table `auth_user`
--

LOCK TABLES `auth_user` WRITE;
/*!40000 ALTER TABLE `auth_user` DISABLE KEYS */;
INSERT INTO `auth_user` VALUES (1,'pbkdf2_sha256$120000$nc3mAIbYNEUR$/9jdWBrCwt+z89vjCTcHkFZzzPoszQqjQiYpx7NJfyk=','2019-03-25 12:53:19.344195',1,'luodeng','','','3391131052@qq.com',1,1,'2019-03-25 11:13:34.171023'),(2,'pbkdf2_sha256$120000$nD11dE2Ef2HZ$2JeqFKma9IKDiR98FrK41Hhkl4IGFJn74rs7Owa2VBc=',NULL,0,'Aaron','Aaron','Roy','Aaron@163.com',0,1,'2019-03-25 11:15:45.261314'),(3,'pbkdf2_sha256$120000$VYPB5niHORCe$48Bfnarxb0tBSLs00dmE3llPa5rJSGfBd5l/FmuqBVk=',NULL,0,'Abel','Abel','Nick','Abel@sina.com',0,1,'2019-03-25 11:15:45.444316'),(4,'pbkdf2_sha256$120000$F6DDZy539jYf$qeY50XO1b9uzM8TPE5XtKAIZrpbGXFRm/oaQr4t5I+c=',NULL,0,'Abraham','Abraham','Albert','Abraham@gmail',0,1,'2019-03-25 11:15:45.596314'),(5,'pbkdf2_sha256$120000$qoTVmsSjtFNo$bZaCe4K3g01xNjOC9ZpMeZJMQwkpOmtvI17TV/CMVvc=',NULL,0,'Adam','Adam','JimmyJames','Adam@sina.com',0,1,'2019-03-25 11:15:45.755311'),(6,'pbkdf2_sha256$120000$80Rf6xkOcuk0$RdDPNqs9iCU9THKNGoEumaANU+r4aKm2foCy/BNa1tQ=',NULL,0,'Adrian','Adrian','Alan','Adrian@sina.com',0,1,'2019-03-25 11:15:45.916317'),(7,'pbkdf2_sha256$120000$RGwFBcIn6v9A$w1IrDjHcD3dRVDJ5ltNEFxU/H/uiY7jTerbvOaaU5Oc=',NULL,0,'Aidan','Aidan','Ryan','Aidan@qq.com',0,1,'2019-03-25 11:15:46.071325'),(8,'pbkdf2_sha256$120000$5KYaQQRv6oRa$ouiasMJEvE9gYpufxEvWsd5h5I1YXGwhwranrp30zX4=',NULL,0,'Alva','Alva','Jason','Alva@mail.buct.edu.cn',0,1,'2019-03-25 11:15:46.222311'),(9,'pbkdf2_sha256$120000$tbeIkSbKxiGS$PBUvfZfZnvfjPlO9eMSHB8FzlVc74cCEt8wlJeUP6Tw=',NULL,0,'Alex','Alex','JimmyJames','Alex@sina.com',0,1,'2019-03-25 11:15:46.391323'),(10,'pbkdf2_sha256$120000$azPJGfASqrwW$sKm5ohh+AUxZ1s3IwQKYs+CXkUHZWVpQZMSWSDOrjn4=',NULL,0,'Alexander','Alexander','Robinson','Alexander@qq.com',0,1,'2019-03-25 11:15:46.564311'),(11,'pbkdf2_sha256$120000$1cz2wQyzwi9e$UZlXolekb9o3EJwtI44bXHS8f1CxpX7JYDcqFZNup1Y=',NULL,0,'Alan','Alan','RobinRobertRobinson','Alan@163.com',0,1,'2019-03-25 11:15:46.716313'),(12,'pbkdf2_sha256$120000$xx6HtlqZ3Ym3$x7FOl5r2GSE+1TjUl7s/12mhgOOOQumTi4DyPmbe+Yw=',NULL,0,'Albert','Albert','JimmyJames','Albert@sina.com',0,1,'2019-03-25 11:15:46.872308'),(13,'pbkdf2_sha256$120000$berCBzi85btR$Hgsv1vneWjaVJWCHaeulupWuJQH0BcEFx+fR3GYGnHM=',NULL,0,'Alfred','Alfred','Reed','Alfred@163.com',0,1,'2019-03-25 11:15:47.019338'),(14,'pbkdf2_sha256$120000$6gWMPA2H5ZXo$JCM1qO1aWeDAKvAiLXJZaWqyxVaGMYzPu28ssY+yN7w=',NULL,0,'Andrew','Andrew','Johnny','Andrew@gmail',0,1,'2019-03-25 11:15:47.172312'),(15,'pbkdf2_sha256$120000$yMKcwTCV32xY$tFLK+LySgnNqMFD+XCAITBq9esD1N3mSZUedEURenFM=',NULL,0,'Andy','Andy','Mike','Andy@163.com',0,1,'2019-03-25 11:15:47.323331'),(16,'pbkdf2_sha256$120000$fnEcDa28F0gZ$MT4zPchN8KGWa02iL6OCzBCY1kvEgUBXE0YVEJiqICI=',NULL,0,'Angus','Angus','Nathan','Angus@gmail',0,1,'2019-03-25 11:15:47.474313'),(17,'pbkdf2_sha256$120000$ipBdHtdQxM3f$RTC3Tp5faJfZ9TbVZz0oiBXBEApk0MZBcqXWRl05too=',NULL,0,'Anthony','Anthony','Jordan','Anthony@qq.com',0,1,'2019-03-25 11:15:47.641338'),(18,'pbkdf2_sha256$120000$UiHaW4jisps8$05WjD6JRTXe5jfeNoLKb91yySbHMthCJPRnnrY3HPT8=',NULL,0,'Apollo','Apollo','Martin','Apollo@sina.com',0,1,'2019-03-25 11:15:47.804321'),(19,'pbkdf2_sha256$120000$LPNc4Yz3JwJX$3ykoA3zl4D/eY9s5eBmG7WfZ8dlW+gP2k0QdACQPPAw=',NULL,0,'Arnold','Arnold','Raymond','Arnold@mail.buct.edu.cn',0,1,'2019-03-25 11:15:47.966310'),(20,'pbkdf2_sha256$120000$VazOt1efC8ck$6MUb+VU1mylErE6piZJkzD9X3EuekJNXs18paxJa+0I=',NULL,0,'Arthur','Arthur','Roy','Arthur@qq.com',0,1,'2019-03-25 11:15:48.120309'),(21,'pbkdf2_sha256$120000$L7etGZHjOuMz$QexorrDSIYPjFuNbgIP8YSvgTO6IF7WrWuXJr35Ylgw=',NULL,0,'August','August','Albert','August@163.com',0,1,'2019-03-25 11:15:48.291314'),(22,'pbkdf2_sha256$120000$1WgQyGQw0rWk$zfeX6TSjBjyv7ehU1BFe6Uvyp2Y6HWaBKpfgIEVdJOA=',NULL,0,'Austin','Austin','Marks','Austin@mail.buct.edu.cn',0,1,'2019-03-25 11:15:48.442316'),(23,'pbkdf2_sha256$120000$Xbmcm7q0K4LF$QlIHTreMg8wLMO7IC6UftM/nzflWX+CVyPe03KSpAMs=',NULL,0,'Marcus','Marcus','Aaron','Marcus@gmail',0,1,'2019-03-25 11:15:48.624310'),(24,'pbkdf2_sha256$120000$lSfAR6OZbV2n$cRjZwS6KNtZhdaRT/PaadzdlfeOq4M7c6a1Izq+hoKI=',NULL,0,'Marcy','Marcy','Arthur','Marcy@gmail',0,1,'2019-03-25 11:15:48.802314'),(25,'pbkdf2_sha256$120000$QR7Hxa5hg0Sp$4iS6Zv0E49vgVpaALwviJR6RLJHyrmYfvkiuhegHS7E=',NULL,0,'Mark','Mark','RandyRandallRandolph','Mark@126.com',0,1,'2019-03-25 11:15:48.959322'),(26,'pbkdf2_sha256$120000$8yIuXHRqnlcG$b8bKdz/YtaZRT5Fs+zqtpRoX5nDqksfLArCaeWXoK28=',NULL,0,'Marks','Marks','Adrian','Marks@gmail',0,1,'2019-03-25 11:15:49.118310'),(27,'pbkdf2_sha256$120000$hUWEIdayR2J6$93a+Fgi/aNI+t2KHKbcfjWccJTWsGyoGpVNs8ebw6E4=',NULL,0,'Mars','Mars','Jordan','Mars@126.com',0,1,'2019-03-25 11:15:49.270369'),(28,'pbkdf2_sha256$120000$vhR4BcKuIR9K$ijXxQu7ZBEOi3dmRTIthg7xiYQUMk8p19s9JKaiVJMw=',NULL,0,'Marshal','Marshal','Jordan','Marshal@mail.buct.edu.cn',0,1,'2019-03-25 11:15:49.531314'),(29,'pbkdf2_sha256$120000$9hXMWM56NQ2C$yIFw2GCqmioH2GYZMUC0X2iSde4jj7/k+DzurmMZd/I=',NULL,0,'Martin','Martin','Aidan','Martin@gmail',0,1,'2019-03-25 11:15:49.994315'),(30,'pbkdf2_sha256$120000$ptIJlcEv2pSE$ojQKF0+2e6+iQ2V0S9AnLD59+bX9kk0VXQmhpLNjxMA=',NULL,0,'Marvin','Marvin','Marshal','Marvin@163.com',0,1,'2019-03-25 11:15:50.290317'),(31,'pbkdf2_sha256$120000$rb3XSKsMMt3T$RJwfMr9wOE8QQ+26nv0WouQqzX+z1YMGRpbucAzb4Pk=',NULL,0,'Mason','Mason','Michael','Mason@126.com',0,1,'2019-03-25 11:15:50.773321'),(32,'pbkdf2_sha256$120000$X8oD0wozbhcM$9AP1ECy1cuehunvetpQ1P4CQZLrCULLlVj49HLISkVQ=',NULL,0,'Matthew','Matthew','Mickey','Matthew@126.com',0,1,'2019-03-25 11:15:50.989312'),(33,'pbkdf2_sha256$120000$jH3DlFzo6AFF$M48veKAK2mCayauIgnX8iHEtmIlvoIBonMPr7fb2Q40=',NULL,0,'Max','Max','Jason','Max@gmail',0,1,'2019-03-25 11:15:51.342313'),(34,'pbkdf2_sha256$120000$hysegudiX0tc$FopJei0y5an8Sk932eqB9fpu68Biq9X4X5dzCAYoeq0=',NULL,0,'Michael','Michael','Randolph','Michael@qq.com',0,1,'2019-03-25 11:15:51.607314'),(35,'pbkdf2_sha256$120000$5FvdpjYzH9FX$1O1hnBvn43XYo18xiJsKykLuzjjLwNfZ4e/yo2K1nnw=',NULL,0,'Mickey','Mickey','Rowan','Mickey@126.com',0,1,'2019-03-25 11:15:51.822309'),(36,'pbkdf2_sha256$120000$PyOpvsY3ZYr1$xxmPZ6nbwTZWhmDKAr9pt4Loytiu5+yhSEza4+ZPQgs=',NULL,0,'Mike','Mike','JamesJacob','Mike@sina.com',0,1,'2019-03-25 11:15:52.003312'),(37,'pbkdf2_sha256$120000$9ZCcvBMmLWZ8$dy0fzaQmoC4UXfqi/Tmdg3DutXuBZnz6Y6mwLOT489E=',NULL,0,'Nathan','Nathan','Rowan','Nathan@sina.com',0,1,'2019-03-25 11:15:52.184318'),(38,'pbkdf2_sha256$120000$CQipIs13eHpa$0L4XxKl+q4GlzqfsqIcXTmfHnEcR7fWMji0Enuf2KtU=',NULL,0,'Nathaniel','Nathaniel','Alexander','Nathaniel@163.com',0,1,'2019-03-25 11:15:52.367317'),(39,'pbkdf2_sha256$120000$NLSWbksTuy7O$tNGydvuEJvHe4Vs3x2mFp11SzEg0rz75qa9PUs3afVA=',NULL,0,'Neil','Neil','Nick','Neil@gmail',0,1,'2019-03-25 11:15:52.539318'),(40,'pbkdf2_sha256$120000$OKxitGsAaXNl$VGpaTmcNNZqPzrWNXwdmB1aMLbuxlNcZSZV/ffH1aCY=',NULL,0,'Nelson','Nelson','Neil','Nelson@sina.com',0,1,'2019-03-25 11:15:52.724311'),(41,'pbkdf2_sha256$120000$EY1X92W5TKtY$A2VV+ja6Nb1UXw9jjEkV28w0lPFN0Ug6CwMq8aPkcCY=',NULL,0,'Nicholas','Nicholas','Alex','Nicholas@mail.buct.edu.cn',0,1,'2019-03-25 11:15:52.920321'),(42,'pbkdf2_sha256$120000$L54ivjTl2J3F$BL0d2lbB0EZDTrgTXjrstVXs9kTBAF1IM3rah3NxoBc=',NULL,0,'Nick','Nick','Andy','Nick@126.com',0,1,'2019-03-25 11:15:53.111313'),(43,'pbkdf2_sha256$120000$GQ79qSLtQNlg$NdrYyDlHrqu476ci1hMibj2lCZIq0E9rU6W2MPgK9NQ=',NULL,0,'Noah','Noah','Rex','Noah@126.com',0,1,'2019-03-25 11:15:53.294311'),(44,'pbkdf2_sha256$120000$Dt9bsSKaPdoy$GEbov+WWa8F4iD7CXJ2Bk5hsfhKW8qk6O4kWF70pwCo=',NULL,0,'Norman','Norman','Rock','Norman@sina.com',0,1,'2019-03-25 11:15:53.471310'),(45,'pbkdf2_sha256$120000$FuN6M8zrXahV$cicjrR3EVXwkZIph55UiHGV6i5BvFzKNHeU3Iavdit0=',NULL,0,'RandallRandal','RandallRandal','Raymond','RandallRandal@gmail',0,1,'2019-03-25 11:15:53.640326'),(46,'pbkdf2_sha256$120000$hecPbJYRSuSk$SYfcB6T3tmfsppwuQ2fQML5UzyS4+fyJULT2Hhh81vk=',NULL,0,'Randolph','Randolph','Nathaniel','Randolph@gmail',0,1,'2019-03-25 11:15:53.789456'),(47,'pbkdf2_sha256$120000$WqAq7HXcqX7n$VtQXXb5s7h6n0sN0Jyz56B29l1hfSXOMPWdThQ7li9o=',NULL,0,'RandyRandallRandolph','RandyRandallRandolph','Austin','RandyRandallRandolph@126.com',0,1,'2019-03-25 11:15:53.943312'),(48,'pbkdf2_sha256$120000$DTuEQ4MS2jAY$bhQ+LIT4gU6g/9pDJw4MSt7PuqO0HfZJ5fMKR05lChs=',NULL,0,'Ray','Ray','Alan','Ray@qq.com',0,1,'2019-03-25 11:15:54.172315'),(49,'pbkdf2_sha256$120000$kxuycdTeNoUA$FXPWkxGBq1fyLVuvZA7mpjq5omflrMeO70nbWUkGs3I=',NULL,0,'Raymond','Raymond','Roy','Raymond@qq.com',0,1,'2019-03-25 11:15:54.339310'),(50,'pbkdf2_sha256$120000$OeMeY0nC2Jm0$3WahTh9EVVTgwrbjCY1mvQwsGie2vqD38L0orVvRF8c=',NULL,0,'Reed','Reed','RichieRickRickyRitchie','Reed@qq.com',0,1,'2019-03-25 11:15:54.494317'),(51,'pbkdf2_sha256$120000$pBBRZgKfNhVE$AkFaAOKcETkMjxSXIqejmiddL71AanL4jrJJLHdlNKY=',NULL,0,'Rex','Rex','Nathaniel','Rex@qq.com',0,1,'2019-03-25 11:15:54.709313'),(52,'pbkdf2_sha256$120000$LSgqduN7h4YD$jpAiSTq02RfqFgUeegDnbRAMBZ1xs36uhq21X3Vw5zA=',NULL,0,'Richard','Richard','RichieRickRickyRitchie','Richard@gmail',0,1,'2019-03-25 11:15:54.903312'),(53,'pbkdf2_sha256$120000$DryCKow9LY2y$I38r9fTkrT3Mtogt5OPoci+dRe5mfzSfZu1fSKUsuGI=',NULL,0,'RichieRickRickyRitchie','RichieRickRickyRitchie','Jacob','RichieRickRickyRitchie@mail.buct.edu.cn',0,1,'2019-03-25 11:15:55.062310'),(54,'pbkdf2_sha256$120000$TA3bhjV52ZBD$FrdBEHTP4sJDScLDXwEDBSoJiw3hKEG8NDvXL9DYL0Y=',NULL,0,'Riley','Riley','Marshal','Riley@126.com',0,1,'2019-03-25 11:15:55.235312'),(55,'pbkdf2_sha256$120000$rIcpJdxwFWuf$e0ZqVihwKx6uBdpKqio+wxJH6hI20bDcMC7e7JMSiwE=',NULL,0,'Robert','Robert','Abel','Robert@sina.com',0,1,'2019-03-25 11:15:55.387311'),(56,'pbkdf2_sha256$120000$4ocM4OPQHN1T$RAaeTpchOECytiHswIpDXFGeBXG4FyJ3sN46dXSEqUY=',NULL,0,'RobinRobertRobinson','RobinRobertRobinson','Nick','RobinRobertRobinson@163.com',0,1,'2019-03-25 11:15:55.544327'),(57,'pbkdf2_sha256$120000$PGbdXbp9BbU1$15jPRK7iF+H2WswZ5hIH5xv2aUEKbKlwvV5r7hqTq7o=',NULL,0,'Robinson','Robinson','Alfred','Robinson@163.com',0,1,'2019-03-25 11:15:55.716335'),(58,'pbkdf2_sha256$120000$gejB8YzYXRTR$HSwCpfrSKj0AmQcFCs913XZpODLudp5gvfAf3cmsHLI=',NULL,0,'Rock','Rock','Jacob','Rock@126.com',0,1,'2019-03-25 11:15:55.885314'),(59,'pbkdf2_sha256$120000$KgmErb6Jrrr8$Xs7e+waLoni7wbVVwRCNe5AzDn//Zyy0cnlR73a8fnE=',NULL,0,'Roger','Roger','August','Roger@gmail',0,1,'2019-03-25 11:15:56.039319'),(60,'pbkdf2_sha256$120000$6rQkbchYZq9T$LvkXaZdwpabAlRTJN1Hctw+6HQ/Q5IbXxmvFWnOkb5U=',NULL,0,'Ronald','Ronald','Aidan','Ronald@163.com',0,1,'2019-03-25 11:15:56.205314'),(61,'pbkdf2_sha256$120000$FJwBlVsAYA8j$KUz4nVVG9MEK9626O7gLOci3ASXCnYIhkM4I5r4I8UE=',NULL,0,'Rowan','Rowan','Alva','Rowan@126.com',0,1,'2019-03-25 11:15:56.379310'),(62,'pbkdf2_sha256$120000$SDPTQHmADo1e$+iHkNs1jhYL5qAU8Ex61wceCjbcQyOEX8xrNoNMH7Q0=',NULL,0,'Roy','Roy','Robinson','Roy@qq.com',0,1,'2019-03-25 11:15:56.536316'),(63,'pbkdf2_sha256$120000$35FiE1N3WwJx$I3BT185+gTG/rsCfCyfUCdCDZuPwx1CUBopklUlUi/w=',NULL,0,'Ryan','Ryan','Alfred','Ryan@sina.com',0,1,'2019-03-25 11:15:56.703337'),(64,'pbkdf2_sha256$120000$8dOznO5xNUAx$12/fQo/otCdP0TGU0gSE8Hj5+765hohubkDlLhhysLc=',NULL,0,'Jack','Jack','Anthony','Jack@126.com',0,1,'2019-03-25 11:15:56.858311'),(65,'pbkdf2_sha256$120000$or6xBHNlHd1y$UnhdMsFfVZwtj7uberapH5LTw7xGVme8iqXfpW9RjdI=',NULL,0,'Jackson','Jackson','Jacob','Jackson@qq.com',0,1,'2019-03-25 11:15:57.019311'),(66,'pbkdf2_sha256$120000$GueFWLPLRpLf$T9rkaTTAozARB0ON1r8Kw7asW4rAzzcDq95RspTBq2w=',NULL,0,'Jacob','Jacob','Johnny','Jacob@mail.buct.edu.cn',0,1,'2019-03-25 11:15:57.178310'),(67,'pbkdf2_sha256$120000$L73OcSPsUe2U$5Z5uh7WO6vVRn5SXObF/ejdvtkE9fQbiSY7qxQltOPM=',NULL,0,'JamesJacob','JamesJacob','John','JamesJacob@qq.com',0,1,'2019-03-25 11:15:57.349321'),(68,'pbkdf2_sha256$120000$kSPZOidjzqJW$dmIR6oD2tV+RsIYvRFfraqHoWY3I1xT0dAuKJAC+yBw=',NULL,0,'Jason','Jason','Alfred','Jason@mail.buct.edu.cn',0,1,'2019-03-25 11:15:57.502329'),(69,'pbkdf2_sha256$120000$nD9rBFxd3B1O$135Xh0hQo52sfxF0xXE/fk9sPdALXKMAr4Mv+PdfCoc=',NULL,0,'Jay','Jay','Alan','Jay@sina.com',0,1,'2019-03-25 11:15:57.667315'),(70,'pbkdf2_sha256$120000$hmhZzktgld2I$tCPNfo/66ezEcLCuSak7T97XpqaBexDUvY6iRS1kBNM=',NULL,0,'Jeffery','Jeffery','JimJames','Jeffery@gmail',0,1,'2019-03-25 11:15:57.826333'),(71,'pbkdf2_sha256$120000$12Y6lvmxoQ9Y$wy/eBC9ae/HhUC7NiqC08VNO6IoApc0H80DOjxmWe24=',NULL,0,'Jerome','Jerome','Reed','Jerome@mail.buct.edu.cn',0,1,'2019-03-25 11:15:57.986314'),(72,'pbkdf2_sha256$120000$oREWOemNdOib$P5enPoj3wkY7NwPzE68YyIz7ivXFCC2fIEsma4KVOj4=',NULL,0,'JerryGeraldJeremiahJerome','JerryGeraldJeremiahJerome','Matthew','JerryGeraldJeremiahJerome@126.com',0,1,'2019-03-25 11:15:58.140325'),(73,'pbkdf2_sha256$120000$69Zq9nj3Lixm$xisjLAL2XrrQkjxRugwE4IImCwIL9QXvI6ysUdKOq30=',NULL,0,'Jesse','Jesse','August','Jesse@mail.buct.edu.cn',0,1,'2019-03-25 11:15:58.295316'),(74,'pbkdf2_sha256$120000$OrgssupIo4F8$n2VlvQis7pcpwSZ99nd7BatxOJHX8N2JtafbxApklmM=',NULL,0,'JimJames','JimJames','Ray','JimJames@163.com',0,1,'2019-03-25 11:15:58.465310'),(75,'pbkdf2_sha256$120000$xkQATmaZAjF4$jm6/LCFcSM0nirGTjXviHt7INAnliiNrDgCAXVDTIkc=',NULL,0,'JimmyJames','JimmyJames','Michael','JimmyJames@126.com',0,1,'2019-03-25 11:15:58.621338'),(76,'pbkdf2_sha256$120000$vEVbecLuRzBh$h+hekPT+GjDfS3nBnItauF1meGzVdZDwOZ+27+R6NIA=',NULL,0,'JoeJoseph','JoeJoseph','Norman','JoeJoseph@qq.com',0,1,'2019-03-25 11:15:58.784312'),(77,'pbkdf2_sha256$120000$m5UzWiesnx4w$B4TVcFgvLG84eQ61j5URwto/0Z/MXa0qEsYChLwTrRI=',NULL,0,'John','John','Richard','John@163.com',0,1,'2019-03-25 11:15:58.937326'),(78,'pbkdf2_sha256$120000$SPS0qOgYARIf$Y64CvKp7OynKIzv/NTc3rUwW2p2wFQGNQdlzDOU/ktM=',NULL,0,'Johnny','Johnny','RichieRickRickyRitchie','Johnny@sina.com',0,1,'2019-03-25 11:15:59.086313'),(79,'pbkdf2_sha256$120000$O88rkQeMGFtk$Bq8BwHARCRRu/jmrSnp1K/OcAr9urjrGa1cEwRuVKdA=',NULL,0,'Jonathan','Jonathan','Joshua','Jonathan@mail.buct.edu.cn',0,1,'2019-03-25 11:15:59.239314'),(80,'pbkdf2_sha256$120000$unNHLr4sMKZy$EVhps09KHm/5DJ6s2MKEut/Y+iYExc+IakkLOroO0RQ=',NULL,0,'Jordan','Jordan','Arthur','Jordan@sina.com',0,1,'2019-03-25 11:15:59.402312'),(81,'pbkdf2_sha256$120000$jPS8kjPwwiBf$7iWW6CTgZgY+ZL0QYfsEg91d5JVBA9UxsEDbjJ8ve7w=',NULL,0,'JoseJoseph','JoseJoseph','Jordan','JoseJoseph@mail.buct.edu.cn',0,1,'2019-03-25 11:15:59.558315'),(82,'pbkdf2_sha256$120000$BR9gKZ2PDlnb$erR9ekQOYhNnXpFJlJBgiiWBPNJSytpjVpCexJ0Hrfc=',NULL,0,'Joshua','Joshua','Roger','Joshua@sina.com',0,1,'2019-03-25 11:15:59.718310'),(83,'pbkdf2_sha256$120000$f0tzfbMVmTeI$izTcqKqjcksuJZKUfYhefB8VdXHo1UtmCnv2OZZUWRo=',NULL,0,'Justin','Justin','Neil','Justin@126.com',0,1,'2019-03-25 11:15:59.873312'),(84,'pbkdf2_sha256$120000$Re7MsA0e9oe5$BxEjwe60k+7YUkEAd14STwTiRIY+wTtnjMeQsQQBQhc=','2019-04-19 11:50:57.799343',1,'luod','','','',1,1,'2019-04-18 06:42:02.298750');
/*!40000 ALTER TABLE `auth_user` ENABLE KEYS */;
UNLOCK TABLES;

--
-- Table structure for table `auth_user_groups`
--

DROP TABLE IF EXISTS `auth_user_groups`;
/*!40101 SET @saved_cs_client     = @@character_set_client */;
 SET character_set_client = utf8mb4 ;
CREATE TABLE `auth_user_groups` (
  `id` int(11) NOT NULL AUTO_INCREMENT,
  `user_id` int(11) NOT NULL,
  `group_id` int(11) NOT NULL,
  PRIMARY KEY (`id`),
  UNIQUE KEY `auth_user_groups_user_id_group_id_94350c0c_uniq` (`user_id`,`group_id`),
  KEY `auth_user_groups_group_id_97559544_fk_auth_group_id` (`group_id`),
  CONSTRAINT `auth_user_groups_group_id_97559544_fk_auth_group_id` FOREIGN KEY (`group_id`) REFERENCES `auth_group` (`id`),
  CONSTRAINT `auth_user_groups_user_id_6a12ed8b_fk_auth_user_id` FOREIGN KEY (`user_id`) REFERENCES `auth_user` (`id`)
) ENGINE=InnoDB AUTO_INCREMENT=360 DEFAULT CHARSET=utf8mb4 COLLATE=utf8mb4_0900_ai_ci;
/*!40101 SET character_set_client = @saved_cs_client */;

--
-- Dumping data for table `auth_user_groups`
--

LOCK TABLES `auth_user_groups` WRITE;
/*!40000 ALTER TABLE `auth_user_groups` DISABLE KEYS */;
INSERT INTO `auth_user_groups` VALUES (1,1,1),(2,2,1),(3,3,1),(4,4,1),(5,5,1),(6,6,1),(7,7,1),(8,8,1),(9,9,1),(10,10,1),(11,11,1),(12,12,1),(13,13,1),(14,14,1),(15,15,1),(16,15,2),(17,15,3),(18,15,4),(19,15,5),(20,16,1),(21,16,2),(22,16,3),(23,16,4),(24,16,5),(25,17,1),(26,17,2),(27,17,3),(28,17,4),(29,17,5),(30,18,1),(31,18,2),(32,18,3),(33,18,4),(34,18,5),(35,19,1),(36,19,2),(37,19,3),(38,19,4),(39,19,5),(40,20,1),(41,20,2),(42,20,3),(43,20,4),(44,20,5),(45,21,1),(46,21,2),(47,21,3),(48,21,4),(49,21,5),(50,22,1),(51,22,2),(52,22,3),(53,22,4),(54,22,5),(55,23,1),(56,23,2),(57,23,3),(58,23,4),(59,23,5),(60,24,1),(61,24,2),(62,24,3),(63,24,4),(64,24,5),(65,25,1),(66,25,2),(67,25,3),(68,25,4),(69,25,5),(70,26,1),(71,26,2),(72,26,3),(73,26,4),(74,26,5),(75,27,1),(76,27,2),(77,27,3),(78,27,4),(79,27,5),(80,28,1),(81,28,2),(82,28,3),(83,28,4),(84,28,5),(85,29,1),(86,29,2),(87,29,3),(88,29,4),(89,29,5),(90,30,1),(91,30,2),(92,30,3),(93,30,4),(94,30,5),(95,31,1),(96,31,2),(97,31,3),(98,31,4),(99,31,5),(100,32,1),(101,32,2),(102,32,3),(103,32,4),(104,32,5),(105,33,1),(106,33,2),(107,33,3),(108,33,4),(109,33,5),(110,34,1),(111,34,2),(112,34,3),(113,34,4),(114,34,5),(115,35,1),(116,35,2),(117,35,3),(118,35,4),(119,35,5),(120,36,1),(121,36,2),(122,36,3),(123,36,4),(124,36,5),(125,37,1),(126,37,2),(127,37,3),(128,37,4),(129,37,5),(130,38,1),(131,38,2),(132,38,3),(133,38,4),(134,38,5),(135,39,1),(136,39,2),(137,39,3),(138,39,4),(139,39,5),(140,40,1),(141,40,2),(142,40,3),(143,40,4),(144,40,5),(145,41,1),(146,41,2),(147,41,3),(148,41,4),(149,41,5),(150,42,1),(151,42,2),(152,42,3),(153,42,4),(154,42,5),(155,43,1),(156,43,2),(157,43,3),(158,43,4),(159,43,5),(160,44,1),(161,44,2),(162,44,3),(163,44,4),(164,44,5),(165,45,1),(166,45,2),(167,45,3),(168,45,4),(169,45,5),(170,46,1),(171,46,2),(172,46,3),(173,46,4),(174,46,5),(175,47,1),(176,47,2),(177,47,3),(178,47,4),(179,47,5),(180,48,1),(181,48,2),(182,48,3),(183,48,4),(184,48,5),(185,49,1),(186,49,2),(187,49,3),(188,49,4),(189,49,5),(190,50,1),(191,50,2),(192,50,3),(193,50,4),(194,50,5),(195,51,1),(196,51,2),(197,51,3),(198,51,4),(199,51,5),(200,52,1),(201,52,2),(202,52,3),(203,52,4),(204,52,5),(205,53,1),(206,53,2),(207,53,3),(208,53,4),(209,53,5),(210,54,1),(211,54,2),(212,54,3),(213,54,4),(214,54,5),(215,55,1),(216,55,2),(217,55,3),(218,55,4),(219,55,5),(220,56,1),(221,56,2),(222,56,3),(223,56,4),(224,56,5),(225,57,1),(226,57,2),(227,57,3),(228,57,4),(229,57,5),(230,58,1),(231,58,2),(232,58,3),(233,58,4),(234,58,5),(235,59,1),(236,59,2),(237,59,3),(238,59,4),(239,59,5),(240,60,1),(241,60,2),(242,60,3),(243,60,4),(244,60,5),(245,61,1),(246,61,2),(247,61,3),(248,61,4),(249,61,5),(250,62,1),(251,62,2),(252,62,3),(253,62,4),(254,62,5),(255,63,1),(256,63,2),(257,63,3),(258,63,4),(259,63,5),(260,64,1),(261,64,2),(262,64,3),(263,64,4),(264,64,5),(265,65,1),(266,65,2),(267,65,3),(268,65,4),(269,65,5),(270,66,1),(271,66,2),(272,66,3),(273,66,4),(274,66,5),(275,67,1),(276,67,2),(277,67,3),(278,67,4),(279,67,5),(280,68,1),(281,68,2),(282,68,3),(283,68,4),(284,68,5),(285,69,1),(286,69,2),(287,69,3),(288,69,4),(289,69,5),(290,70,1),(291,70,2),(292,70,3),(293,70,4),(294,70,5),(295,71,1),(296,71,2),(297,71,3),(298,71,4),(299,71,5),(300,72,1),(301,72,2),(302,72,3),(303,72,4),(304,72,5),(305,73,1),(306,73,2),(307,73,3),(308,73,4),(309,73,5),(310,74,1),(311,74,2),(312,74,3),(313,74,4),(314,74,5),(315,75,1),(316,75,2),(317,75,3),(318,75,4),(319,75,5),(320,76,1),(321,76,2),(322,76,3),(323,76,4),(324,76,5),(325,77,1),(326,77,2),(327,77,3),(328,77,4),(329,77,5),(330,78,1),(331,78,2),(332,78,3),(333,78,4),(334,78,5),(335,79,1),(336,79,2),(337,79,3),(338,79,4),(339,79,5),(340,80,1),(341,80,2),(342,80,3),(343,80,4),(344,80,5),(345,81,1),(346,81,2),(347,81,3),(348,81,4),(349,81,5),(350,82,1),(351,82,2),(352,82,3),(353,82,4),(354,82,5),(355,83,1),(356,83,2),(357,83,3),(358,83,4),(359,83,5);
/*!40000 ALTER TABLE `auth_user_groups` ENABLE KEYS */;
UNLOCK TABLES;

--
-- Table structure for table `auth_user_user_permissions`
--

DROP TABLE IF EXISTS `auth_user_user_permissions`;
/*!40101 SET @saved_cs_client     = @@character_set_client */;
 SET character_set_client = utf8mb4 ;
CREATE TABLE `auth_user_user_permissions` (
  `id` int(11) NOT NULL AUTO_INCREMENT,
  `user_id` int(11) NOT NULL,
  `permission_id` int(11) NOT NULL,
  PRIMARY KEY (`id`),
  UNIQUE KEY `auth_user_user_permissions_user_id_permission_id_14a6b632_uniq` (`user_id`,`permission_id`),
  KEY `auth_user_user_permi_permission_id_1fbb5f2c_fk_auth_perm` (`permission_id`),
  CONSTRAINT `auth_user_user_permi_permission_id_1fbb5f2c_fk_auth_perm` FOREIGN KEY (`permission_id`) REFERENCES `auth_permission` (`id`),
  CONSTRAINT `auth_user_user_permissions_user_id_a95ead1b_fk_auth_user_id` FOREIGN KEY (`user_id`) REFERENCES `auth_user` (`id`)
) ENGINE=InnoDB DEFAULT CHARSET=utf8mb4 COLLATE=utf8mb4_0900_ai_ci;
/*!40101 SET character_set_client = @saved_cs_client */;

--
-- Dumping data for table `auth_user_user_permissions`
--

LOCK TABLES `auth_user_user_permissions` WRITE;
/*!40000 ALTER TABLE `auth_user_user_permissions` DISABLE KEYS */;
/*!40000 ALTER TABLE `auth_user_user_permissions` ENABLE KEYS */;
UNLOCK TABLES;

--
-- Table structure for table `car`
--

DROP TABLE IF EXISTS `car`;
/*!40101 SET @saved_cs_client     = @@character_set_client */;
 SET character_set_client = utf8mb4 ;
CREATE TABLE `car` (
  `CNo` varchar(20) NOT NULL,
  `CType` varchar(10) NOT NULL,
  `COilConsumpution` int(11) NOT NULL,
  `isAvailable` tinyint(1) NOT NULL,
  PRIMARY KEY (`CNo`)
) ENGINE=InnoDB DEFAULT CHARSET=utf8mb4 COLLATE=utf8mb4_0900_ai_ci;
/*!40101 SET character_set_client = @saved_cs_client */;

--
-- Dumping data for table `car`
--

LOCK TABLES `car` WRITE;
/*!40000 ALTER TABLE `car` DISABLE KEYS */;
INSERT INTO `car` VALUES ('冀D1002','长途车',350,1),('冀D1003','公交车',200,1),('冀D1087','公交车',200,1),('冀D1124','公交车',200,1),('冀D1325','长途车',350,1),('冀D1372','小型车',300,1),('冀D1374','公交车',200,1),('冀D1387','公交车',200,1),('冀D1389','公交车',200,1),('冀D1406','大型车',1000,1),('冀D1571','大型车',1000,0),('冀D1644','大型车',1000,1),('冀D1682','长途车',350,1),('冀D1813','中型车',600,1),('冀D1868','小型车',300,1),('冀D1919','小型车',300,1),('冀D2010','长途车',350,1),('冀D2030','长途车',350,1),('冀D2039','大型车',1000,1),('冀D2052','长途车',350,1),('冀D2060','中型车',600,1),('冀D2075','中型车',600,1),('冀D2131','中型车',600,1),('冀D2175','大型车',1000,1),('冀D2223','中型车',600,1),('冀D2605','中型车',600,1),('冀D2662','长途车',350,1),('冀D2702','中型车',600,1),('冀D2730','长途车',350,1),('冀D2819','公交车',200,1),('冀D2879','大型车',1000,1),('冀D2934','大型车',1000,1),('冀D2935','大型车',1000,1),('冀D2943','大型车',1000,0),('冀D2948','公交车',200,1),('冀D2969','长途车',350,0),('冀D2974','公交车',200,1),('冀D2985','大型车',1000,1),('冀D3007','大型车',1000,1),('冀D3078','公交车',200,1),('冀D3127','长途车',350,1),('冀D3135','小型车',300,1),('冀D3156','公交车',200,1),('冀D3255','长途车',350,1),('冀D3319','公交车',200,1),('冀D3409','长途车',350,0),('冀D3421','小型车',300,1),('冀D3442','小型车',300,1),('冀D3461','中型车',600,0),('冀D3487','小型车',300,1),('冀D3518','中型车',600,0),('冀D3519','公交车',200,1),('冀D3715','长途车',350,1),('冀D3732','中型车',600,1),('冀D3764','大型车',1000,1),('冀D3805','小型车',300,1),('冀D3950','中型车',600,1),('冀D3996','长途车',350,1),('冀D4120','中型车',600,0),('冀D4146','小型车',300,1),('冀D4153','小型车',300,1),('冀D4237','公交车',200,0),('冀D4300','中型车',600,1),('冀D4337','长途车',350,0),('冀D4371','公交车',200,1),('冀D4380','中型车',600,1),('冀D4434','长途车',350,1),('冀D4442','中型车',600,0),('冀D4522','中型车',600,0),('冀D4581','大型车',1000,0),('冀D4588','小型车',300,1),('冀D4640','小型车',300,1),('冀D4860','中型车',600,1),('冀D4893','长途车',350,1),('冀D4981','公交车',200,1),('冀D5001','大型车',1000,1),('冀D5012','大型车',1000,1),('冀D5095','大型车',1000,1),('冀D5117','公交车',200,1),('冀D5158','公交车',200,1),('冀D5207','中型车',600,1),('冀D5284','小型车',300,1),('冀D5298','中型车',600,1),('冀D5394','中型车',600,1),('冀D5417','长途车',350,1),('冀D5444','公交车',200,1),('冀D5507','中型车',600,1),('冀D5550','长途车',350,0),('冀D5571','大型车',1000,0),('冀D5666','长途车',350,1),('冀D5791','中型车',600,1),('冀D5801','小型车',300,1),('冀D5903','中型车',600,0),('冀D5913','中型车',600,1),('冀D5930','小型车',300,0),('冀D6073','小型车',300,0),('冀D6081','公交车',200,0),('冀D6094','小型车',300,1),('冀D6124','公交车',200,1),('冀D6204','长途车',350,1),('冀D6267','大型车',1000,1),('冀D6323','长途车',350,1),('冀D6493','长途车',350,0),('冀D6618','公交车',200,1),('冀D6645','长途车',350,1),('冀D6683','小型车',300,1),('冀D6698','公交车',200,1),('冀D6727','长途车',350,1),('冀D6899','长途车',350,1),('冀D7000','中型车',600,1),('冀D7122','长途车',350,1),('冀D7127','公交车',200,0),('冀D7161','公交车',200,0),('冀D7447','中型车',600,1),('冀D7475','长途车',350,0),('冀D7507','公交车',200,0),('冀D7511','小型车',300,1),('冀D7554','公交车',200,1),('冀D8024','小型车',300,1),('冀D8093','大型车',1000,1),('冀D8138','小型车',300,1),('冀D8152','大型车',1000,1),('冀D8200','中型车',600,1),('冀D8212','公交车',200,1),('冀D8222','小型车',300,0),('冀D8227','长途车',350,1),('冀D8244','公交车',200,0),('冀D8280','大型车',1000,0),('冀D8346','中型车',600,1),('冀D8372','大型车',1000,1),('冀D8389','公交车',200,1),('冀D8403','长途车',350,1),('冀D8415','小型车',300,1),('冀D8454','长途车',350,0),('冀D8535','公交车',200,0),('冀D8948','小型车',300,1),('冀D8957','长途车',350,1),('冀D8969','长途车',350,1),('冀D8977','大型车',1000,1),('冀D9068','大型车',1000,1),('冀D9173','大型车',1000,1),('冀D9185','大型车',1000,1),('冀D9351','长途车',350,1),('冀D9408','公交车',200,0),('冀D9430','小型车',300,1),('冀D9498','大型车',1000,0),('冀D9594','长途车',350,1),('冀D9601','中型车',600,1),('冀D9707','大型车',1000,1),('冀D9749','中型车',600,1),('冀D9764','公交车',200,0),('冀D9766','中型车',600,1),('冀D9804','大型车',1000,1),('冀D9855','公交车',200,1),('冀D9895','长途车',350,1),('冀D9998','长途车',350,1),('新B1003','公交车',200,1),('新B1074','长途车',350,1),('新B1299','中型车',600,1),('新B1464','中型车',600,0),('新B1502','长途车',350,0),('新B1607','大型车',1000,0),('新B1639','公交车',200,1),('新B1643','公交车',200,1),('新B1714','长途车',350,1),('新B1791','大型车',1000,1),('新B1793','小型车',300,1),('新B1847','长途车',350,0),('新B1859','大型车',1000,1),('新B2080','公交车',200,1),('新B2082','中型车',600,1),('新B2221','公交车',200,1),('新B2290','长途车',350,1),('新B2406','公交车',200,0),('新B2469','公交车',200,1),('新B2486','大型车',1000,1),('新B2507','长途车',350,1),('新B2520','小型车',300,1),('新B2526','长途车',350,1),('新B2681','大型车',1000,1),('新B2698','中型车',600,1),('新B2705','长途车',350,1),('新B2722','长途车',350,0),('新B3019','大型车',1000,1),('新B3041','大型车',1000,1),('新B3075','公交车',200,1),('新B3096','大型车',1000,0),('新B3173','公交车',200,0),('新B3206','公交车',200,1),('新B3222','小型车',300,1),('新B3309','长途车',350,1),('新B3501','中型车',600,1),('新B3504','中型车',600,0),('新B3571','小型车',300,1),('新B3685','大型车',1000,1),('新B3773','中型车',600,1),('新B3834','公交车',200,1),('新B3897','长途车',350,0),('新B3923','小型车',300,0),('新B4294','小型车',300,1),('新B4302','中型车',600,1),('新B4307','长途车',350,1),('新B4332','公交车',200,0),('新B4335','大型车',1000,0),('新B4381','中型车',600,0),('新B4401','大型车',1000,0),('新B4505','小型车',300,1),('新B4606','中型车',600,1),('新B4676','公交车',200,0),('新B4791','大型车',1000,0),('新B4885','长途车',350,1),('新B4908','大型车',1000,1),('新B5004','大型车',1000,1),('新B5114','中型车',600,1),('新B5130','公交车',200,1),('新B5396','公交车',200,1),('新B5422','大型车',1000,1),('新B5436','大型车',1000,1),('新B5533','大型车',1000,1),('新B5548','长途车',350,1),('新B5608','大型车',1000,1),('新B5626','小型车',300,1),('新B5642','公交车',200,1),('新B5648','中型车',600,1),('新B5796','公交车',200,1),('新B5809','小型车',300,1),('新B5825','中型车',600,1),('新B5863','中型车',600,1),('新B5874','小型车',300,1),('新B5931','公交车',200,0),('新B5938','大型车',1000,1),('新B6046','公交车',200,0),('新B6078','公交车',200,1),('新B6097','长途车',350,1),('新B6103','长途车',350,1),('新B6163','公交车',200,1),('新B6202','小型车',300,1),('新B6278','长途车',350,1),('新B6295','大型车',1000,1),('新B6401','中型车',600,1),('新B6413','公交车',200,1),('新B6444','大型车',1000,1),('新B6711','中型车',600,0),('新B6725','中型车',600,1),('新B6765','中型车',600,0),('新B6766','小型车',300,1),('新B6857','公交车',200,1),('新B6866','大型车',1000,1),('新B6917','公交车',200,1),('新B7075','长途车',350,1),('新B7168','公交车',200,0),('新B7222','中型车',600,1),('新B7380','公交车',200,1),('新B7392','公交车',200,1),('新B7485','小型车',300,0),('新B7518','小型车',300,0),('新B7610','大型车',1000,0),('新B7623','小型车',300,0),('新B7823','大型车',1000,1),('新B7941','小型车',300,1),('新B7943','长途车',350,1),('新B8085','中型车',600,1),('新B8223','公交车',200,1),('新B8285','公交车',200,0),('新B8354','长途车',350,1),('新B8369','长途车',350,1),('新B8374','公交车',200,0),('新B8394','大型车',1000,0),('新B8420','小型车',300,1),('新B8425','长途车',350,1),('新B8463','大型车',1000,0),('新B8483','公交车',200,1),('新B8494','大型车',1000,1),('新B8502','公交车',200,0),('新B8644','大型车',1000,1),('新B8653','中型车',600,1),('新B8756','公交车',200,0),('新B8766','大型车',1000,0),('新B8894','大型车',1000,1),('新B8996','长途车',350,1),('新B9104','长途车',350,1),('新B9112','中型车',600,1),('新B9291','公交车',200,0),('新B9404','中型车',600,1),('新B9542','中型车',600,1),('新B9556','长途车',350,1),('新B9745','中型车',600,1),('新B9754','小型车',300,1),('新B9873','中型车',600,1),('新B9901','大型车',1000,1),('新B9913','小型车',300,1),('新B9936','中型车',600,1),('皖A1025','长途车',350,0),('皖A1091','公交车',200,1),('皖A1094','小型车',300,1),('皖A1203','长途车',350,1),('皖A1209','中型车',600,1),('皖A1279','小型车',300,0),('皖A1292','公交车',200,1),('皖A1445','大型车',1000,1),('皖A1540','公交车',200,1),('皖A1577','长途车',350,1),('皖A1587','长途车',350,1),('皖A1654','长途车',350,1),('皖A1738','小型车',300,1),('皖A1753','小型车',300,1),('皖A1813','长途车',350,1),('皖A1926','小型车',300,1),('皖A2003','小型车',300,0),('皖A2046','公交车',200,1),('皖A2129','公交车',200,1),('皖A2163','长途车',350,1),('皖A2231','大型车',1000,1),('皖A2263','公交车',200,1),('皖A2413','长途车',350,1),('皖A2415','大型车',1000,1),('皖A2469','中型车',600,1),('皖A2547','中型车',600,1),('皖A2557','公交车',200,1),('皖A2559','公交车',200,1),('皖A2571','中型车',600,0),('皖A2577','大型车',1000,0),('皖A2920','小型车',300,1),('皖A3011','大型车',1000,1),('皖A3151','公交车',200,1),('皖A3153','长途车',350,1),('皖A3160','长途车',350,1),('皖A3208','小型车',300,1),('皖A3242','小型车',300,1),('皖A3275','公交车',200,1),('皖A3347','公交车',200,0),('皖A3485','大型车',1000,0),('皖A3535','长途车',350,1),('皖A3569','公交车',200,1),('皖A3617','公交车',200,1),('皖A3618','大型车',1000,1),('皖A3621','小型车',300,1),('皖A3622','大型车',1000,0),('皖A3670','大型车',1000,0),('皖A3823','公交车',200,0),('皖A3949','中型车',600,1),('皖A4125','小型车',300,1),('皖A4171','长途车',350,0),('皖A4176','大型车',1000,0),('皖A4186','大型车',1000,0),('皖A4230','中型车',600,1),('皖A4275','大型车',1000,1),('皖A4325','长途车',350,1),('皖A4559','大型车',1000,1),('皖A4579','小型车',300,1),('皖A4631','长途车',350,1),('皖A4650','长途车',350,1),('皖A4848','小型车',300,1),('皖A4920','长途车',350,1),('皖A4983','长途车',350,1),('皖A4992','中型车',600,1),('皖A4993','公交车',200,0),('皖A5068','大型车',1000,1),('皖A5097','公交车',200,1),('皖A5116','大型车',1000,1),('皖A5170','中型车',600,1),('皖A5228','小型车',300,1),('皖A5251','中型车',600,1),('皖A5255','大型车',1000,1),('皖A5298','公交车',200,0),('皖A5332','中型车',600,1),('皖A5360','小型车',300,1),('皖A5363','长途车',350,1),('皖A5440','中型车',600,1),('皖A5488','公交车',200,0),('皖A5518','公交车',200,1),('皖A5579','长途车',350,1),('皖A5617','长途车',350,1),('皖A5669','小型车',300,1),('皖A5749','小型车',300,1),('皖A5752','大型车',1000,1),('皖A5754','公交车',200,1),('皖A5755','公交车',200,1),('皖A5824','长途车',350,1),('皖A5858','中型车',600,0),('皖A5889','大型车',1000,1),('皖A5907','小型车',300,0),('皖A5963','小型车',300,1),('皖A5994','公交车',200,1),('皖A6026','小型车',300,1),('皖A6081','大型车',1000,1),('皖A6091','公交车',200,1),('皖A6154','大型车',1000,1),('皖A6238','公交车',200,1),('皖A6319','小型车',300,1),('皖A6335','长途车',350,1),('皖A6337','中型车',600,0),('皖A6348','小型车',300,1),('皖A6371','大型车',1000,1),('皖A6448','公交车',200,1),('皖A6503','小型车',300,0),('皖A6769','中型车',600,0),('皖A6772','中型车',600,1),('皖A6791','小型车',300,1),('皖A6854','大型车',1000,1),('皖A6931','大型车',1000,1),('皖A7027','公交车',200,0),('皖A7094','公交车',200,1),('皖A7156','公交车',200,1),('皖A7195','公交车',200,1),('皖A7235','公交车',200,1),('皖A7246','公交车',200,1),('皖A7298','小型车',300,1),('皖A7299','长途车',350,1),('皖A7326','小型车',300,1),('皖A7338','中型车',600,0),('皖A7505','公交车',200,1),('皖A7534','大型车',1000,1),('皖A7542','大型车',1000,1),('皖A7548','小型车',300,1),('皖A7659','大型车',1000,1),('皖A7713','小型车',300,0),('皖A7784','长途车',350,1),('皖A7788','公交车',200,0),('皖A7843','小型车',300,1),('皖A7904','大型车',1000,0),('皖A8001','大型车',1000,1),('皖A8008','中型车',600,1),('皖A8024','长途车',350,1),('皖A8059','中型车',600,1),('皖A8102','大型车',1000,1),('皖A8180','中型车',600,1),('皖A8234','公交车',200,1),('皖A8325','中型车',600,1),('皖A8326','小型车',300,1),('皖A8331','公交车',200,1),('皖A8351','大型车',1000,1),('皖A8356','小型车',300,1),('皖A8420','长途车',350,0),('皖A8505','长途车',350,1),('皖A8525','公交车',200,1),('皖A8529','大型车',1000,0),('皖A8616','小型车',300,1),('皖A8741','公交车',200,1),('皖A8770','大型车',1000,1),('皖A8771','大型车',1000,1),('皖A8815','长途车',350,0),('皖A8916','小型车',300,1),('皖A8924','小型车',300,1),('皖A9089','小型车',300,1),('皖A9174','长途车',350,0),('皖A9403','中型车',600,1),('皖A9449','小型车',300,1),('皖A9450','大型车',1000,1),('皖A9461','长途车',350,1),('皖A9504','长途车',350,1),('皖A9629','公交车',200,0),('皖A9658','大型车',1000,1),('皖A9683','小型车',300,1),('皖A9701','小型车',300,1),('皖A9703','大型车',1000,0),('皖A9724','小型车',300,0),('皖A9762','大型车',1000,0),('皖A9822','中型车',600,1),('皖A9913','长途车',350,0),('皖A9923','长途车',350,0),('皖A9967','中型车',600,0),('豫B1012','中型车',600,1),('豫B1045','中型车',600,1),('豫B1098','小型车',300,1),('豫B1105','中型车',600,0),('豫B1214','公交车',200,1),('豫B1264','公交车',200,1),('豫B1314','中型车',600,0),('豫B1516','小型车',300,1),('豫B1526','大型车',1000,0),('豫B1540','长途车',350,1),('豫B1629','长途车',350,1),('豫B1663','大型车',1000,1),('豫B1689','大型车',1000,1),('豫B1760','公交车',200,1),('豫B1823','公交车',200,1),('豫B1861','中型车',600,1),('豫B1967','大型车',1000,1),('豫B2028','小型车',300,1),('豫B2044','长途车',350,1),('豫B2053','大型车',1000,1),('豫B2062','大型车',1000,0),('豫B2078','小型车',300,1),('豫B2111','中型车',600,0),('豫B2355','大型车',1000,0),('豫B2367','中型车',600,1),('豫B2620','公交车',200,0),('豫B2669','大型车',1000,1),('豫B2755','小型车',300,1),('豫B2895','大型车',1000,1),('豫B2898','大型车',1000,0),('豫B2905','小型车',300,1),('豫B3027','大型车',1000,1),('豫B3079','中型车',600,1),('豫B3115','大型车',1000,1),('豫B3122','小型车',300,0),('豫B3247','中型车',600,1),('豫B3422','大型车',1000,0),('豫B3525','小型车',300,0),('豫B3534','大型车',1000,0),('豫B3718','长途车',350,1),('豫B3757','大型车',1000,0),('豫B3788','公交车',200,1),('豫B3795','长途车',350,0),('豫B3871','公交车',200,1),('豫B3981','长途车',350,1),('豫B3997','公交车',200,1),('豫B4137','小型车',300,1),('豫B4435','大型车',1000,1),('豫B4508','公交车',200,1),('豫B4579','小型车',300,1),('豫B4634','小型车',300,1),('豫B4660','大型车',1000,1),('豫B4754','公交车',200,1),('豫B4763','小型车',300,1),('豫B4774','长途车',350,1),('豫B4783','大型车',1000,1),('豫B4804','长途车',350,1),('豫B4825','大型车',1000,1),('豫B4828','长途车',350,0),('豫B4844','大型车',1000,1),('豫B4860','大型车',1000,0),('豫B5030','中型车',600,1),('豫B5127','公交车',200,1),('豫B5234','小型车',300,1),('豫B5241','中型车',600,1),('豫B5283','大型车',1000,1),('豫B5400','公交车',200,1),('豫B5449','公交车',200,1),('豫B5735','大型车',1000,0),('豫B5924','中型车',600,0),('豫B6098','长途车',350,1),('豫B6099','大型车',1000,1),('豫B6162','长途车',350,1),('豫B6366','长途车',350,1),('豫B6416','中型车',600,0),('豫B6443','长途车',350,1),('豫B6627','小型车',300,1),('豫B6676','长途车',350,0),('豫B6880','长途车',350,1),('豫B6933','小型车',300,1),('豫B6952','中型车',600,0),('豫B6988','小型车',300,1),('豫B7015','大型车',1000,1),('豫B7067','小型车',300,1),('豫B7139','中型车',600,1),('豫B7415','中型车',600,1),('豫B7425','公交车',200,1),('豫B7559','中型车',600,1),('豫B7675','公交车',200,1),('豫B7943','大型车',1000,0),('豫B7994','公交车',200,1),('豫B8063','长途车',350,0),('豫B8113','小型车',300,1),('豫B8141','长途车',350,0),('豫B8187','公交车',200,1),('豫B8225','大型车',1000,1),('豫B8304','长途车',350,1),('豫B8424','长途车',350,1),('豫B8570','长途车',350,1),('豫B8660','小型车',300,1),('豫B8839','公交车',200,1),('豫B8878','大型车',1000,1),('豫B8886','长途车',350,1),('豫B8906','长途车',350,1),('豫B8973','大型车',1000,1),('豫B9127','中型车',600,1),('豫B9162','公交车',200,1),('豫B9167','小型车',300,1),('豫B9222','长途车',350,1),('豫B9295','长途车',350,1),('豫B9299','公交车',200,1),('豫B9324','中型车',600,1),('豫B9355','长途车',350,1),('豫B9487','长途车',350,1),('豫B9544','中型车',600,1),('豫B9712','公交车',200,0),('豫B9732','大型车',1000,1),('豫B9779','中型车',600,0),('豫B9786','公交车',200,1),('豫B9855','小型车',300,1),('豫B9894','中型车',600,0),('豫E1156','长途车',350,1),('豫E1316','长途车',350,1),('豫E1578','长途车',350,1),('豫E1659','小型车',300,1),('豫E1729','大型车',1000,1),('豫E1752','中型车',600,1),('豫E1833','公交车',200,0),('豫E2033','长途车',350,1),('豫E2241','长途车',350,1),('豫E2262','小型车',300,1),('豫E2283','小型车',300,1),('豫E2587','小型车',300,1),('豫E2595','小型车',300,0),('豫E2649','长途车',350,0),('豫E2766','大型车',1000,1),('豫E2819','大型车',1000,1),('豫E2924','小型车',300,1),('豫E2943','大型车',1000,1),('豫E2953','长途车',350,1),('豫E2982','中型车',600,0),('豫E3078','小型车',300,1),('豫E3101','公交车',200,0),('豫E3133','长途车',350,1),('豫E3254','小型车',300,1),('豫E3286','大型车',1000,1),('豫E3317','长途车',350,1),('豫E3456','小型车',300,0),('豫E3530','中型车',600,1),('豫E3535','公交车',200,1),('豫E3658','长途车',350,1),('豫E3678','中型车',600,0),('豫E3720','公交车',200,1),('豫E4035','公交车',200,1),('豫E4101','长途车',350,1),('豫E4112','小型车',300,0),('豫E4166','公交车',200,1),('豫E4202','公交车',200,1),('豫E4239','小型车',300,1),('豫E4259','大型车',1000,1),('豫E4260','公交车',200,1),('豫E4354','长途车',350,1),('豫E4461','小型车',300,1),('豫E4536','小型车',300,1),('豫E4619','小型车',300,1),('豫E4797','中型车',600,1),('豫E4833','小型车',300,1),('豫E4834','公交车',200,1),('豫E4842','中型车',600,1),('豫E4886','长途车',350,1),('豫E4917','小型车',300,1),('豫E4936','小型车',300,1),('豫E4994','大型车',1000,1),('豫E5034','中型车',600,1),('豫E5063','长途车',350,1),('豫E5116','大型车',1000,1),('豫E5140','大型车',1000,1),('豫E5193','中型车',600,1),('豫E5229','小型车',300,1),('豫E5238','小型车',300,0),('豫E5266','大型车',1000,1),('豫E5305','小型车',300,0),('豫E5504','小型车',300,1),('豫E5541','大型车',1000,1),('豫E5601','中型车',600,1),('豫E5619','小型车',300,0),('豫E5685','中型车',600,0),('豫E5867','长途车',350,1),('豫E5944','小型车',300,1),('豫E5945','小型车',300,1),('豫E5987','中型车',600,1),('豫E6018','大型车',1000,1),('豫E6030','中型车',600,1),('豫E6045','中型车',600,1),('豫E6159','公交车',200,1),('豫E6178','公交车',200,0),('豫E6235','长途车',350,1),('豫E6241','大型车',1000,1),('豫E6264','大型车',1000,1),('豫E6391','公交车',200,1),('豫E6598','中型车',600,1),('豫E6600','中型车',600,1),('豫E6672','中型车',600,0),('豫E6676','中型车',600,1),('豫E6683','小型车',300,0),('豫E6844','中型车',600,1),('豫E6848','大型车',1000,1),('豫E6946','长途车',350,1),('豫E7033','长途车',350,1),('豫E7128','中型车',600,1),('豫E7186','中型车',600,1),('豫E7222','长途车',350,1),('豫E7232','中型车',600,1),('豫E7290','大型车',1000,1),('豫E7411','小型车',300,1),('豫E7469','大型车',1000,1),('豫E7496','中型车',600,0),('豫E7502','大型车',1000,0),('豫E7509','小型车',300,1),('豫E7533','中型车',600,1),('豫E7547','长途车',350,1),('豫E7599','中型车',600,0),('豫E7714','长途车',350,1),('豫E7839','中型车',600,1),('豫E7846','公交车',200,0),('豫E8109','长途车',350,1),('豫E8118','公交车',200,1),('豫E8240','长途车',350,1),('豫E8323','大型车',1000,1),('豫E8361','大型车',1000,0),('豫E8367','公交车',200,1),('豫E8372','小型车',300,1),('豫E8379','中型车',600,1),('豫E8469','小型车',300,1),('豫E8708','小型车',300,1),('豫E8738','公交车',200,1),('豫E8845','大型车',1000,1),('豫E8897','长途车',350,1),('豫E8907','小型车',300,1),('豫E8913','大型车',1000,1),('豫E8968','中型车',600,1),('豫E9206','长途车',350,1),('豫E9215','大型车',1000,1),('豫E9370','大型车',1000,1),('豫E9797','公交车',200,1),('豫E9806','公交车',200,1),('豫E9819','公交车',200,1),('豫E9926','中型车',600,1),('豫E9948','长途车',350,0),('辽K1025','小型车',300,1),('辽K1059','公交车',200,1),('辽K1081','公交车',200,0),('辽K1092','小型车',300,1),('辽K1120','大型车',1000,0),('辽K1122','大型车',1000,1),('辽K1244','公交车',200,1),('辽K1272','小型车',300,1),('辽K1291','大型车',1000,1),('辽K1388','小型车',300,0),('辽K1533','公交车',200,0),('辽K1683','公交车',200,1),('辽K1702','长途车',350,0),('辽K1740','长途车',350,1),('辽K1742','中型车',600,1),('辽K1944','小型车',300,1),('辽K2128','公交车',200,0),('辽K2173','大型车',1000,1),('辽K2194','小型车',300,1),('辽K2239','中型车',600,1),('辽K2251','公交车',200,1),('辽K2282','大型车',1000,0),('辽K2426','大型车',1000,1),('辽K2464','小型车',300,0),('辽K2538','小型车',300,0),('辽K2564','大型车',1000,1),('辽K2565','大型车',1000,1),('辽K2663','中型车',600,1),('辽K2685','长途车',350,1),('辽K2735','长途车',350,1),('辽K2743','公交车',200,1),('辽K2760','公交车',200,1),('辽K2768','大型车',1000,0),('辽K2817','小型车',300,1),('辽K2850','大型车',1000,0),('辽K2874','中型车',600,1),('辽K2963','公交车',200,0),('辽K3062','中型车',600,1),('辽K3090','小型车',300,1),('辽K3304','中型车',600,1),('辽K3381','大型车',1000,1),('辽K3423','公交车',200,0),('辽K3501','中型车',600,1),('辽K3710','大型车',1000,1),('辽K3723','大型车',1000,1),('辽K3777','大型车',1000,1),('辽K3795','长途车',350,1),('辽K3875','小型车',300,1),('辽K3939','大型车',1000,1),('辽K3962','大型车',1000,1),('辽K3971','大型车',1000,1),('辽K4078','大型车',1000,1),('辽K4088','长途车',350,0),('辽K4269','长途车',350,1),('辽K4355','中型车',600,1),('辽K4377','大型车',1000,1),('辽K4399','长途车',350,1),('辽K4446','长途车',350,1),('辽K4473','大型车',1000,1),('辽K4563','中型车',600,1),('辽K4566','公交车',200,1),('辽K4579','中型车',600,1),('辽K4696','小型车',300,1),('辽K4740','中型车',600,1),('辽K4754','公交车',200,1),('辽K4792','中型车',600,1),('辽K4802','小型车',300,1),('辽K4826','小型车',300,1),('辽K4834','长途车',350,1),('辽K4933','小型车',300,1),('辽K5031','长途车',350,1),('辽K5052','中型车',600,1),('辽K5101','大型车',1000,1),('辽K5267','公交车',200,0),('辽K5283','小型车',300,1),('辽K5360','长途车',350,1),('辽K5653','大型车',1000,1),('辽K5659','公交车',200,1),('辽K5692','小型车',300,1),('辽K5711','长途车',350,1),('辽K5741','小型车',300,1),('辽K5779','小型车',300,1),('辽K5795','小型车',300,1),('辽K6048','中型车',600,1),('辽K6186','长途车',350,0),('辽K6243','大型车',1000,1),('辽K6287','小型车',300,1),('辽K6325','中型车',600,1),('辽K6337','小型车',300,1),('辽K6364','公交车',200,1),('辽K6376','中型车',600,1),('辽K6505','小型车',300,1),('辽K6507','小型车',300,0),('辽K6510','长途车',350,1),('辽K6565','大型车',1000,0),('辽K6573','长途车',350,0),('辽K6595','中型车',600,1),('辽K6634','公交车',200,1),('辽K6737','公交车',200,1),('辽K6961','小型车',300,1),('辽K6980','大型车',1000,1),('辽K7062','公交车',200,1),('辽K7070','大型车',1000,0),('辽K7129','大型车',1000,1),('辽K7175','长途车',350,1),('辽K7235','中型车',600,0),('辽K7334','长途车',350,1),('辽K7344','公交车',200,1),('辽K7361','小型车',300,1),('辽K7393','大型车',1000,1),('辽K7398','中型车',600,1),('辽K7433','公交车',200,0),('辽K7444','长途车',350,1),('辽K7469','大型车',1000,1),('辽K7501','大型车',1000,1),('辽K7755','大型车',1000,1),('辽K7876','公交车',200,1),('辽K7942','小型车',300,1),('辽K8144','中型车',600,0),('辽K8181','长途车',350,1),('辽K8323','长途车',350,1),('辽K8354','中型车',600,1),('辽K8363','公交车',200,1),('辽K8384','小型车',300,1),('辽K8387','小型车',300,1),('辽K8403','公交车',200,1),('辽K8521','长途车',350,1),('辽K8538','中型车',600,1),('辽K8633','公交车',200,1),('辽K8794','中型车',600,1),('辽K8912','长途车',350,1),('辽K8926','公交车',200,0),('辽K8959','大型车',1000,0),('辽K8964','长途车',350,0),('辽K9038','中型车',600,0),('辽K9232','长途车',350,1),('辽K9291','大型车',1000,1),('辽K9374','中型车',600,0),('辽K9458','公交车',200,0),('辽K9608','大型车',1000,1),('辽K9609','中型车',600,1),('辽K9643','公交车',200,0),('辽K9694','中型车',600,0),('辽K9769','大型车',1000,1),('辽K9876','小型车',300,0),('辽K9899','中型车',600,1),('鲁N1106','长途车',350,1),('鲁N1149','小型车',300,1),('鲁N1205','长途车',350,1),('鲁N1320','长途车',350,1),('鲁N1429','公交车',200,1),('鲁N1444','中型车',600,1),('鲁N1551','大型车',1000,1),('鲁N1614','小型车',300,0),('鲁N1647','中型车',600,1),('鲁N1729','大型车',1000,0),('鲁N1787','大型车',1000,1),('鲁N1979','长途车',350,1),('鲁N1997','小型车',300,1),('鲁N2013','中型车',600,1),('鲁N2025','长途车',350,1),('鲁N2048','公交车',200,1),('鲁N2081','长途车',350,1),('鲁N2084','长途车',350,1),('鲁N2147','公交车',200,1),('鲁N2295','公交车',200,1),('鲁N2322','长途车',350,1),('鲁N2354','中型车',600,1),('鲁N2362','公交车',200,1),('鲁N2372','公交车',200,1),('鲁N2698','大型车',1000,1),('鲁N2938','中型车',600,1),('鲁N3019','小型车',300,1),('鲁N3251','中型车',600,0),('鲁N3255','公交车',200,1),('鲁N3269','中型车',600,0),('鲁N3293','中型车',600,1),('鲁N3300','公交车',200,1),('鲁N3302','小型车',300,0),('鲁N3357','公交车',200,0),('鲁N3486','中型车',600,1),('鲁N3765','小型车',300,0),('鲁N3779','大型车',1000,1),('鲁N3934','中型车',600,1),('鲁N3954','大型车',1000,1),('鲁N3975','小型车',300,1),('鲁N4013','中型车',600,1),('鲁N4031','公交车',200,1),('鲁N4172','长途车',350,1),('鲁N4182','长途车',350,1),('鲁N4243','长途车',350,1),('鲁N4285','大型车',1000,1),('鲁N4405','大型车',1000,0),('鲁N4443','长途车',350,0),('鲁N4459','大型车',1000,1),('鲁N4535','公交车',200,1),('鲁N4567','小型车',300,1),('鲁N4623','公交车',200,1),('鲁N4694','长途车',350,1),('鲁N4742','大型车',1000,1),('鲁N4910','小型车',300,1),('鲁N4950','长途车',350,0),('鲁N4977','小型车',300,1),('鲁N4987','小型车',300,1),('鲁N5086','长途车',350,1),('鲁N5131','长途车',350,1),('鲁N5133','长途车',350,1),('鲁N5206','公交车',200,1),('鲁N5244','大型车',1000,1),('鲁N5286','中型车',600,1),('鲁N5352','大型车',1000,1),('鲁N5359','公交车',200,1),('鲁N5482','大型车',1000,1),('鲁N5505','小型车',300,1),('鲁N5551','公交车',200,1),('鲁N5661','公交车',200,0),('鲁N5729','长途车',350,1),('鲁N5809','公交车',200,1),('鲁N5852','大型车',1000,1),('鲁N5929','长途车',350,1),('鲁N5983','大型车',1000,0),('鲁N6125','大型车',1000,1),('鲁N6358','公交车',200,1),('鲁N6379','大型车',1000,1),('鲁N6420','长途车',350,1),('鲁N6426','中型车',600,1),('鲁N6428','大型车',1000,1),('鲁N6557','大型车',1000,1),('鲁N6592','中型车',600,1),('鲁N6608','长途车',350,0),('鲁N6694','长途车',350,1),('鲁N6703','公交车',200,0),('鲁N6738','大型车',1000,1),('鲁N6764','小型车',300,0),('鲁N6798','小型车',300,1),('鲁N7126','公交车',200,1),('鲁N7247','长途车',350,0),('鲁N7258','小型车',300,1),('鲁N7275','中型车',600,1),('鲁N7300','中型车',600,1),('鲁N7320','小型车',300,1),('鲁N7398','大型车',1000,1),('鲁N7440','中型车',600,1),('鲁N7488','小型车',300,1),('鲁N7558','中型车',600,1),('鲁N7691','小型车',300,1),('鲁N7925','公交车',200,1),('鲁N7982','长途车',350,1),('鲁N8025','长途车',350,1),('鲁N8045','长途车',350,1),('鲁N8060','公交车',200,1),('鲁N8157','长途车',350,1),('鲁N8222','小型车',300,1),('鲁N8248','中型车',600,1),('鲁N8346','大型车',1000,1),('鲁N8360','长途车',350,1),('鲁N8368','大型车',1000,1),('鲁N8414','公交车',200,1),('鲁N8461','长途车',350,1),('鲁N8519','小型车',300,1),('鲁N8531','小型车',300,1),('鲁N8547','公交车',200,1),('鲁N8630','小型车',300,1),('鲁N8696','长途车',350,1),('鲁N8737','小型车',300,1),('鲁N8835','大型车',1000,1),('鲁N8898','公交车',200,1),('鲁N8995','大型车',1000,1),('鲁N9053','长途车',350,1),('鲁N9110','大型车',1000,1),('鲁N9146','公交车',200,1),('鲁N9223','长途车',350,1),('鲁N9337','大型车',1000,1),('鲁N9392','大型车',1000,1),('鲁N9453','中型车',600,0),('鲁N9458','小型车',300,0),('鲁N9527','大型车',1000,0),('鲁N9545','中型车',600,1),('鲁N9571','长途车',350,1),('鲁N9607','中型车',600,1),('鲁N9843','小型车',300,1);
/*!40000 ALTER TABLE `car` ENABLE KEYS */;
UNLOCK TABLES;

--
-- Table structure for table `django_admin_log`
--

DROP TABLE IF EXISTS `django_admin_log`;
/*!40101 SET @saved_cs_client     = @@character_set_client */;
 SET character_set_client = utf8mb4 ;
CREATE TABLE `django_admin_log` (
  `id` int(11) NOT NULL AUTO_INCREMENT,
  `action_time` datetime(6) NOT NULL,
  `object_id` longtext,
  `object_repr` varchar(200) NOT NULL,
  `action_flag` smallint(5) unsigned NOT NULL,
  `change_message` longtext NOT NULL,
  `content_type_id` int(11) DEFAULT NULL,
  `user_id` int(11) NOT NULL,
  PRIMARY KEY (`id`),
  KEY `django_admin_log_content_type_id_c4bce8eb_fk_django_co` (`content_type_id`),
  KEY `django_admin_log_user_id_c564eba6_fk_auth_user_id` (`user_id`),
  CONSTRAINT `django_admin_log_content_type_id_c4bce8eb_fk_django_co` FOREIGN KEY (`content_type_id`) REFERENCES `django_content_type` (`id`),
  CONSTRAINT `django_admin_log_user_id_c564eba6_fk_auth_user_id` FOREIGN KEY (`user_id`) REFERENCES `auth_user` (`id`)
) ENGINE=InnoDB DEFAULT CHARSET=utf8mb4 COLLATE=utf8mb4_0900_ai_ci;
/*!40101 SET character_set_client = @saved_cs_client */;

--
-- Dumping data for table `django_admin_log`
--

LOCK TABLES `django_admin_log` WRITE;
/*!40000 ALTER TABLE `django_admin_log` DISABLE KEYS */;
/*!40000 ALTER TABLE `django_admin_log` ENABLE KEYS */;
UNLOCK TABLES;

--
-- Table structure for table `django_content_type`
--

DROP TABLE IF EXISTS `django_content_type`;
/*!40101 SET @saved_cs_client     = @@character_set_client */;
 SET character_set_client = utf8mb4 ;
CREATE TABLE `django_content_type` (
  `id` int(11) NOT NULL AUTO_INCREMENT,
  `app_label` varchar(100) NOT NULL,
  `model` varchar(100) NOT NULL,
  PRIMARY KEY (`id`),
  UNIQUE KEY `django_content_type_app_label_model_76bd3d3b_uniq` (`app_label`,`model`)
) ENGINE=InnoDB AUTO_INCREMENT=12 DEFAULT CHARSET=utf8mb4 COLLATE=utf8mb4_0900_ai_ci;
/*!40101 SET character_set_client = @saved_cs_client */;

--
-- Dumping data for table `django_content_type`
--

LOCK TABLES `django_content_type` WRITE;
/*!40000 ALTER TABLE `django_content_type` DISABLE KEYS */;
INSERT INTO `django_content_type` VALUES (1,'admin','logentry'),(3,'auth','group'),(2,'auth','permission'),(4,'auth','user'),(5,'contenttypes','contenttype'),(6,'sessions','session'),(7,'TransportationManagement','accident'),(8,'TransportationManagement','car'),(9,'TransportationManagement','driver'),(10,'TransportationManagement','proposer'),(11,'TransportationManagement','record');
/*!40000 ALTER TABLE `django_content_type` ENABLE KEYS */;
UNLOCK TABLES;

--
-- Table structure for table `django_migrations`
--

DROP TABLE IF EXISTS `django_migrations`;
/*!40101 SET @saved_cs_client     = @@character_set_client */;
 SET character_set_client = utf8mb4 ;
CREATE TABLE `django_migrations` (
  `id` int(11) NOT NULL AUTO_INCREMENT,
  `app` varchar(255) NOT NULL,
  `name` varchar(255) NOT NULL,
  `applied` datetime(6) NOT NULL,
  PRIMARY KEY (`id`)
) ENGINE=InnoDB AUTO_INCREMENT=17 DEFAULT CHARSET=utf8mb4 COLLATE=utf8mb4_0900_ai_ci;
/*!40101 SET character_set_client = @saved_cs_client */;

--
-- Dumping data for table `django_migrations`
--

LOCK TABLES `django_migrations` WRITE;
/*!40000 ALTER TABLE `django_migrations` DISABLE KEYS */;
INSERT INTO `django_migrations` VALUES (1,'TransportationManagement','0001_initial','2019-03-23 14:22:23.695082'),(2,'contenttypes','0001_initial','2019-03-23 14:22:23.872086'),(3,'auth','0001_initial','2019-03-23 14:22:26.130083'),(4,'admin','0001_initial','2019-03-23 14:22:26.592083'),(5,'admin','0002_logentry_remove_auto_add','2019-03-23 14:22:26.616083'),(6,'admin','0003_logentry_add_action_flag_choices','2019-03-23 14:22:26.641084'),(7,'contenttypes','0002_remove_content_type_name','2019-03-23 14:22:26.919083'),(8,'auth','0002_alter_permission_name_max_length','2019-03-23 14:22:27.108087'),(9,'auth','0003_alter_user_email_max_length','2019-03-23 14:22:27.204088'),(10,'auth','0004_alter_user_username_opts','2019-03-23 14:22:27.228082'),(11,'auth','0005_alter_user_last_login_null','2019-03-23 14:22:27.387081'),(12,'auth','0006_require_contenttypes_0002','2019-03-23 14:22:27.397092'),(13,'auth','0007_alter_validators_add_error_messages','2019-03-23 14:22:27.415087'),(14,'auth','0008_alter_user_username_max_length','2019-03-23 14:22:27.691083'),(15,'auth','0009_alter_user_last_name_max_length','2019-03-23 14:22:27.903089'),(16,'sessions','0001_initial','2019-03-23 14:22:28.009090');
/*!40000 ALTER TABLE `django_migrations` ENABLE KEYS */;
UNLOCK TABLES;

--
-- Table structure for table `django_session`
--

DROP TABLE IF EXISTS `django_session`;
/*!40101 SET @saved_cs_client     = @@character_set_client */;
 SET character_set_client = utf8mb4 ;
CREATE TABLE `django_session` (
  `session_key` varchar(40) NOT NULL,
  `session_data` longtext NOT NULL,
  `expire_date` datetime(6) NOT NULL,
  PRIMARY KEY (`session_key`),
  KEY `django_session_expire_date_a5c62663` (`expire_date`)
) ENGINE=InnoDB DEFAULT CHARSET=utf8mb4 COLLATE=utf8mb4_0900_ai_ci;
/*!40101 SET character_set_client = @saved_cs_client */;

--
-- Dumping data for table `django_session`
--

LOCK TABLES `django_session` WRITE;
/*!40000 ALTER TABLE `django_session` DISABLE KEYS */;
INSERT INTO `django_session` VALUES ('bub17pn48owq8hgdqa3mmzaj0c1295fi','YTkyN2NhYmEwZDQwMjQzOWJhOTAyMTJkMjVmYTUwNTE4Y2I3MDlmODp7Il9hdXRoX3VzZXJfaWQiOiI4NCIsIl9hdXRoX3VzZXJfYmFja2VuZCI6ImRqYW5nby5jb250cmliLmF1dGguYmFja2VuZHMuTW9kZWxCYWNrZW5kIiwiX2F1dGhfdXNlcl9oYXNoIjoiZmQ2NzA2OGI1YzJmMDk3Y2YzZDg2YzAzY2FlM2UyNmMyMzU5N2MwMyJ9','2019-05-02 06:42:11.615583'),('ioac4hc77dukal1vvi62ix3edxq1h9o7','YjRiOGJiODYyMGU0NGVjYzE0MzRmYzcyMTA5NDJhMDgxZmU4ZGY3ZDp7Il9hdXRoX3VzZXJfaWQiOiIxIiwiX2F1dGhfdXNlcl9iYWNrZW5kIjoiZGphbmdvLmNvbnRyaWIuYXV0aC5iYWNrZW5kcy5Nb2RlbEJhY2tlbmQiLCJfYXV0aF91c2VyX2hhc2giOiJiYmFhNmQ2NzRhMzBhNjdkZDU1NGU3YTY1MTgwMmY2ZGZkMjQ4ODRmIn0=','2019-04-08 12:53:19.356190'),('t8kku7d7k0d9msrbtjd6ftrlvx75rmeo','YTkyN2NhYmEwZDQwMjQzOWJhOTAyMTJkMjVmYTUwNTE4Y2I3MDlmODp7Il9hdXRoX3VzZXJfaWQiOiI4NCIsIl9hdXRoX3VzZXJfYmFja2VuZCI6ImRqYW5nby5jb250cmliLmF1dGguYmFja2VuZHMuTW9kZWxCYWNrZW5kIiwiX2F1dGhfdXNlcl9oYXNoIjoiZmQ2NzA2OGI1YzJmMDk3Y2YzZDg2YzAzY2FlM2UyNmMyMzU5N2MwMyJ9','2019-05-03 11:50:57.807339');
/*!40000 ALTER TABLE `django_session` ENABLE KEYS */;
UNLOCK TABLES;

--
-- Table structure for table `driver`
--

DROP TABLE IF EXISTS `driver`;
/*!40101 SET @saved_cs_client     = @@character_set_client */;
 SET character_set_client = utf8mb4 ;
CREATE TABLE `driver` (
  `id` int(11) NOT NULL AUTO_INCREMENT,
  `DName` varchar(10) NOT NULL,
  `DSex` tinyint(1) NOT NULL,
  `DAge` smallint(6) NOT NULL,
  `PhoneNum` varchar(11) NOT NULL,
  `Hiredata` date NOT NULL,
  `isAvailable` tinyint(1) NOT NULL,
  PRIMARY KEY (`id`)
) ENGINE=InnoDB AUTO_INCREMENT=193 DEFAULT CHARSET=utf8mb4 COLLATE=utf8mb4_0900_ai_ci;
/*!40101 SET character_set_client = @saved_cs_client */;

--
-- Dumping data for table `driver`
--

LOCK TABLES `driver` WRITE;
/*!40000 ALTER TABLE `driver` DISABLE KEYS */;
INSERT INTO `driver` VALUES (1,'Reed',1,41,'17799973505','2014-07-18',1),(2,'Abel',0,32,'15581638880','2016-07-17',1),(3,'JoseJoseph',1,28,'18961717091','2016-06-07',1),(4,'Nelson',1,33,'18865848944','2018-01-06',0),(5,'Jay',1,44,'18145741949','2014-12-11',1),(6,'Albert',0,24,'13778874881','2016-03-22',1),(7,'Nick',1,25,'15552506933','2015-10-30',1),(8,'Jacob',0,41,'13796225427','2014-08-02',0),(9,'Alfred',0,38,'15582853908','2017-03-25',1),(10,'Nicholas',1,43,'13623005539','2015-05-19',1),(11,'Andrew',0,25,'15535827969','2015-07-27',1),(12,'JimmyJames',0,18,'17772159684','2017-12-07',0),(13,'Reed',0,38,'18858751362','2016-05-14',1),(14,'JimmyJames',1,18,'18131763761','2015-11-06',1),(15,'Marcy',1,23,'17735429615','2015-05-30',1),(16,'Noah',1,35,'13734054952','2016-05-18',1),(17,'Joshua',0,25,'17791784040','2017-11-02',0),(18,'Michael',1,45,'15554928630','2018-03-27',0),(19,'Joshua',1,27,'15946727970','2015-09-02',1),(20,'Jeffery',0,31,'13674404583','2017-11-23',1),(21,'Aidan',1,34,'15674352446','2016-07-17',1),(22,'Anthony',1,37,'15996588107','2015-05-22',0),(23,'Adrian',0,44,'18944491995','2015-11-06',0),(24,'Rex',0,23,'15930884918','2016-11-15',1),(25,'JamesJacob',0,34,'18182921962','2016-03-02',0),(26,'Abel',0,26,'15944765851','2018-02-14',1),(27,'Marks',1,36,'15621666164','2013-12-11',1),(28,'Jerome',1,39,'15933628890','2017-08-23',1),(29,'Ryan',0,18,'15532625593','2016-09-16',1),(30,'Nick',0,33,'18925724399','2017-01-19',1),(31,'Max',0,45,'13717992451','2017-02-28',1),(32,'Albert',1,24,'18828806985','2016-12-20',0),(33,'Norman',1,22,'13721408830','2016-05-06',1),(34,'Abraham',1,29,'18913122044','2018-01-19',1),(35,'Nick',1,45,'13790272686','2016-09-11',1),(36,'Andrew',0,31,'18122575290','2015-11-27',0),(37,'Ronald',1,29,'15582819535','2015-04-16',0),(38,'Aidan',1,32,'18112784175','2015-10-16',1),(39,'Marcus',1,36,'13631883742','2018-06-23',0),(40,'Matthew',1,25,'13694695394','2014-04-23',0),(41,'Austin',0,40,'18834383703','2016-10-08',1),(42,'JamesJacob',0,31,'15624794430','2016-05-17',1),(43,'Mike',0,32,'18161267612','2016-05-27',1),(44,'Nathan',1,20,'17793973913','2016-04-08',1),(45,'Alexander',1,26,'18952288363','2017-03-05',1),(46,'Apollo',0,43,'18854033933','2015-04-29',1),(47,'Alex',0,25,'18874172847','2017-10-14',0),(48,'Robert',1,42,'13613269301','2016-09-08',1),(49,'Jeffery',0,18,'15682517444','2016-12-10',1),(50,'Ronald',1,30,'13724645778','2017-10-24',1),(51,'Jerome',1,44,'17750045752','2015-04-28',0),(52,'Jay',1,25,'15918433964','2017-01-08',1),(53,'Justin',1,43,'18945613614','2015-04-26',1),(54,'Johnny',0,37,'17721198810','2017-06-02',0),(55,'Roy',0,31,'15577405598','2014-03-05',1),(56,'Reed',0,45,'18992173893','2014-12-04',1),(57,'Mark',0,42,'15614712960','2017-11-05',1),(58,'Arnold',0,20,'18163014730','2016-01-14',0),(59,'Robinson',1,26,'18848076640','2015-06-22',1),(60,'Arthur',0,22,'18186161638','2015-05-13',0),(61,'Mike',1,23,'15947012919','2017-08-12',1),(62,'Jack',0,42,'15998758826','2017-01-19',1),(63,'Marcy',0,40,'18915721691','2017-02-18',1),(64,'JimJames',0,23,'15515029261','2015-12-08',1),(65,'Nelson',1,20,'17729522182','2016-01-14',0),(66,'Alan',0,24,'18184755460','2015-01-08',1),(67,'Abraham',1,22,'18811377315','2015-07-21',1),(68,'Mike',1,23,'15972003604','2015-03-20',1),(69,'Alexander',1,25,'15629962193','2017-02-09',1),(70,'Arnold',0,21,'13682054382','2016-02-29',1),(71,'JoseJoseph',0,42,'15959571131','2016-05-28',1),(72,'Alex',0,29,'17753819531','2016-01-10',1),(73,'Justin',0,21,'18147966619','2016-10-29',1),(74,'JimmyJames',0,21,'13773632272','2015-02-09',1),(75,'Adrian',0,34,'15961773005','2015-06-08',1),(76,'Martin',0,44,'13638449070','2016-02-02',1),(77,'JamesJacob',0,36,'18859117843','2014-11-17',1),(78,'Aaron',0,43,'18179201296','2015-04-17',0),(79,'Randolph',1,45,'15972125569','2017-10-23',1),(80,'Roy',0,27,'15567414752','2017-01-12',1),(81,'Alex',1,30,'13745025615','2016-08-16',1),(82,'Aidan',0,22,'18154854079','2017-01-23',1),(83,'Randolph',1,20,'15684674612','2016-05-18',1),(84,'Nick',0,19,'18936631303','2016-09-08',1),(85,'Reed',1,45,'15653629379','2016-05-31',1),(86,'John',1,40,'18184687153','2015-12-30',1),(87,'Nathan',1,24,'18149273150','2018-02-18',1),(88,'Angus',0,34,'13750634478','2016-07-31',1),(89,'Nicholas',0,33,'18876812985','2014-07-29',1),(90,'Ray',1,35,'18142261865','2015-12-15',1),(91,'JoeJoseph',0,38,'15523831942','2015-07-01',1),(92,'Jonathan',0,33,'13772386164','2015-09-01',1),(93,'Adam',0,32,'13631861854','2017-02-11',1),(94,'Nathaniel',0,21,'15650889929','2016-05-21',1),(95,'Jackson',0,40,'17775554131','2017-11-24',1),(96,'Abraham',1,41,'18884406425','2015-06-23',1),(97,'Andy',0,34,'18184574267','2017-02-12',1),(98,'Jackson',0,19,'17725475887','2015-09-10',1),(99,'Jackson',1,24,'17741864992','2016-08-08',1),(100,'Abel',0,26,'13695894027','2016-04-15',1),(101,'Matthew',1,42,'18199737239','2015-07-18',0),(102,'JoeJoseph',1,42,'18861404074','2015-11-17',1),(103,'Joshua',0,28,'15517128750','2016-12-17',1),(104,'Marks',1,22,'15541572277','2014-12-22',1),(105,'Angus',0,34,'13792082510','2014-07-17',1),(106,'JamesJacob',0,35,'18914373697','2015-03-19',0),(107,'Alva',1,21,'15539908138','2017-01-28',0),(108,'Jordan',0,39,'18835272879','2017-09-30',0),(109,'Alva',1,26,'15613612706','2017-11-14',0),(110,'Jason',0,28,'15517333366','2015-11-04',1),(111,'Jackson',0,31,'15676061918','2017-11-30',1),(112,'Andy',0,42,'15575158192','2017-12-26',1),(113,'Nathan',1,33,'18131356079','2016-10-09',1),(114,'Noah',1,28,'15971326393','2015-07-27',1),(115,'Mason',0,24,'15961969531','2014-03-21',1),(116,'Matthew',0,32,'18864532657','2017-08-20',1),(117,'Marks',1,42,'13729811968','2016-07-16',1),(118,'Alan',1,38,'18138123077','2014-05-20',1),(119,'Nick',0,31,'18170598640','2015-10-03',1),(120,'Roy',0,27,'17727427118','2017-01-31',1),(121,'Reed',0,45,'15628732965','2013-12-31',1),(122,'Jason',1,27,'13711206601','2014-11-30',1),(123,'Jonathan',0,27,'13715903679','2016-04-26',1),(124,'Aaron',1,20,'15993149608','2018-02-02',1),(125,'Anthony',0,27,'15528916084','2016-05-03',1),(126,'Jerome',0,21,'15532671417','2016-10-30',0),(127,'Reed',1,23,'18899865458','2017-02-28',1),(128,'Marcy',0,18,'17773603672','2015-07-04',0),(129,'Rex',0,44,'15988031996','2015-08-16',1),(130,'Norman',1,23,'17749538805','2016-11-21',1),(131,'Abraham',0,24,'17721047629','2016-05-13',1),(132,'JoeJoseph',1,41,'15575117786','2016-05-08',1),(133,'Alva',0,19,'15994699805','2015-06-19',1),(134,'John',0,18,'17773466984','2016-11-11',1),(135,'Max',1,37,'18127662406','2016-06-16',1),(136,'Martin',0,36,'15617986637','2015-02-01',1),(137,'Abel',1,26,'18169426463','2015-07-16',1),(138,'Jackson',1,38,'18874203698','2016-04-27',1),(139,'Mason',0,34,'18813316558','2017-01-11',1),(140,'Angus',1,45,'18138985763','2017-07-30',0),(141,'Adrian',0,35,'15631827619','2016-08-11',1),(142,'Mark',0,39,'13631461754','2015-03-16',1),(143,'JimmyJames',0,45,'15654588291','2017-05-13',1),(144,'Jesse',1,25,'18187879065','2016-01-06',1),(145,'Alfred',0,19,'15954676289','2016-10-07',0),(146,'Joshua',0,23,'18980269954','2015-09-29',1),(147,'Noah',0,23,'15657857651','2014-06-09',1),(148,'Jonathan',0,43,'15620142593','2015-12-09',1),(149,'Alva',1,30,'15662938314','2017-04-04',1),(150,'John',0,24,'15525864506','2016-08-24',1),(151,'Arthur',0,41,'13648596365','2018-06-17',1),(152,'Mark',0,29,'13639981866','2015-07-21',0),(153,'Nelson',0,37,'13613746864','2016-07-29',1),(154,'Andrew',0,34,'13653452902','2016-04-07',0),(155,'Jack',0,34,'13693455519','2016-09-28',1),(156,'Nicholas',0,21,'15657368857','2016-01-31',1),(157,'Martin',0,33,'13663331435','2018-01-06',1),(158,'Nathaniel',1,31,'18820148702','2016-08-10',1),(159,'Robert',1,37,'17745198716','2017-02-20',1),(160,'Jason',0,33,'18930993500','2017-01-15',1),(161,'Jeffery',0,30,'15560214820','2014-10-05',1),(162,'JimmyJames',0,26,'17715977008','2015-10-08',1),(163,'Noah',0,28,'13730102230','2016-03-09',1),(164,'Andy',0,35,'18921264364','2016-05-04',1),(165,'Ronald',0,18,'17720041157','2015-11-22',0),(166,'Ryan',1,27,'15965868941','2014-12-17',1),(167,'Max',1,36,'18916189773','2017-05-26',0),(168,'JoeJoseph',0,32,'15958078178','2016-07-24',1),(169,'Nelson',0,22,'18866303463','2015-04-26',1),(170,'Jack',0,26,'18872615178','2015-10-12',1),(171,'Reed',1,34,'15632739718','2015-12-31',0),(172,'Jordan',0,28,'13641379996','2015-06-14',0),(173,'Riley',0,39,'13661523164','2017-09-10',0),(174,'Riley',1,20,'18178709558','2016-08-26',1),(175,'Abraham',0,33,'18830847524','2015-10-13',1),(176,'Jackson',1,26,'13611865577','2017-04-25',1),(177,'Rock',1,43,'15654516796','2014-11-21',1),(178,'Aidan',1,37,'13723618421','2018-03-04',1),(179,'Rock',0,20,'18113847922','2015-04-18',0),(180,'Johnny',1,42,'15529858999','2017-07-27',1),(181,'JoseJoseph',1,44,'15656288495','2015-10-30',1),(182,'Marshal',1,34,'15612891290','2015-11-04',1),(183,'Jack',1,31,'17792409237','2014-10-09',1),(184,'Apollo',1,32,'17759777833','2016-02-03',0),(185,'Austin',0,39,'18168057895','2016-06-20',1),(186,'John',1,35,'13742568089','2015-11-15',1),(187,'Robinson',0,37,'15992928043','2014-11-30',1),(188,'Apollo',1,37,'15514341200','2014-07-24',1),(189,'Alexander',0,37,'15984255706','2016-05-26',1),(190,'Jeffery',0,38,'18892802552','2017-01-22',0),(191,'Jerome',0,40,'17784721986','2016-03-15',1),(192,'Ronald',0,44,'15686924797','2016-03-20',1);
/*!40000 ALTER TABLE `driver` ENABLE KEYS */;
UNLOCK TABLES;

--
-- Table structure for table `proposer`
--

DROP TABLE IF EXISTS `proposer`;
/*!40101 SET @saved_cs_client     = @@character_set_client */;
 SET character_set_client = utf8mb4 ;
CREATE TABLE `proposer` (
  `id` int(11) NOT NULL AUTO_INCREMENT,
  `CType` varchar(10) NOT NULL,
  `Num` int(11) NOT NULL,
  `Mileage` int(11) NOT NULL,
  `Date` date NOT NULL,
  `isRecived` tinyint(1) NOT NULL,
  PRIMARY KEY (`id`)
) ENGINE=InnoDB AUTO_INCREMENT=501 DEFAULT CHARSET=utf8mb4 COLLATE=utf8mb4_0900_ai_ci;
/*!40101 SET character_set_client = @saved_cs_client */;

--
-- Dumping data for table `proposer`
--

LOCK TABLES `proposer` WRITE;
/*!40000 ALTER TABLE `proposer` DISABLE KEYS */;
INSERT INTO `proposer` VALUES (1,'小型车',665,682,'2019-03-25',0),(2,'中型车',790,7862,'2019-03-25',0),(3,'中型车',544,615,'2019-03-25',0),(4,'公交车',620,3004,'2019-03-25',1),(5,'小型车',404,8525,'2019-03-25',1),(6,'中型车',204,6071,'2019-03-25',0),(7,'公交车',126,5333,'2019-03-25',0),(8,'中型车',706,6162,'2019-03-25',0),(9,'公交车',636,6826,'2019-03-25',0),(10,'小型车',124,634,'2019-03-25',0),(11,'大型车',411,7820,'2019-03-25',0),(12,'长途车',921,4273,'2019-03-25',0),(13,'大型车',604,5835,'2019-03-25',0),(14,'公交车',658,9930,'2019-03-25',0),(15,'长途车',577,1417,'2019-03-25',0),(16,'小型车',835,2710,'2019-03-25',0),(17,'大型车',878,8749,'2019-03-25',0),(18,'公交车',659,9090,'2019-03-25',1),(19,'长途车',924,2190,'2019-03-25',0),(20,'小型车',331,4560,'2019-03-25',1),(21,'小型车',734,9951,'2019-03-25',0),(22,'大型车',300,637,'2019-03-25',0),(23,'公交车',617,1352,'2019-03-25',0),(24,'大型车',469,150,'2019-03-25',0),(25,'公交车',616,6734,'2019-03-25',0),(26,'公交车',540,1304,'2019-03-25',0),(27,'小型车',772,842,'2019-03-25',0),(28,'大型车',719,7458,'2019-03-25',1),(29,'长途车',968,5829,'2019-03-25',1),(30,'长途车',564,3849,'2019-03-25',1),(31,'长途车',946,2376,'2019-03-25',0),(32,'公交车',708,1314,'2019-03-25',1),(33,'公交车',398,5159,'2019-03-25',0),(34,'中型车',731,1363,'2019-03-25',0),(35,'中型车',449,8190,'2019-03-25',0),(36,'长途车',358,7628,'2019-03-25',0),(37,'中型车',843,8357,'2019-03-25',0),(38,'小型车',587,2958,'2019-03-25',0),(39,'小型车',796,7421,'2019-03-25',0),(40,'小型车',673,7963,'2019-03-25',0),(41,'小型车',924,8195,'2019-03-25',0),(42,'大型车',761,7099,'2019-03-25',0),(43,'长途车',411,8690,'2019-03-25',0),(44,'小型车',391,2437,'2019-03-25',0),(45,'公交车',533,6955,'2019-03-25',0),(46,'中型车',570,3953,'2019-03-25',0),(47,'中型车',770,578,'2019-03-25',1),(48,'公交车',933,908,'2019-03-25',0),(49,'中型车',103,5905,'2019-03-25',0),(50,'长途车',260,4002,'2019-03-25',0),(51,'小型车',797,3418,'2019-03-25',0),(52,'大型车',693,6288,'2019-03-25',0),(53,'中型车',365,8406,'2019-03-25',1),(54,'长途车',701,6644,'2019-03-25',0),(55,'中型车',104,7316,'2019-03-25',0),(56,'中型车',858,4366,'2019-03-25',1),(57,'长途车',511,2702,'2019-03-25',0),(58,'中型车',653,9491,'2019-03-25',1),(59,'长途车',272,7687,'2019-03-25',0),(60,'小型车',995,9548,'2019-03-25',0),(61,'公交车',726,3126,'2019-03-25',1),(62,'大型车',522,9517,'2019-03-25',0),(63,'中型车',406,6992,'2019-03-25',1),(64,'小型车',123,2442,'2019-03-25',0),(65,'长途车',778,9036,'2019-03-25',0),(66,'公交车',375,3029,'2019-03-25',0),(67,'小型车',442,7681,'2019-03-25',0),(68,'中型车',153,2997,'2019-03-25',0),(69,'大型车',222,2078,'2019-03-25',0),(70,'公交车',707,114,'2019-03-25',0),(71,'公交车',464,7272,'2019-03-25',0),(72,'公交车',387,3562,'2019-03-25',0),(73,'小型车',306,6033,'2019-03-25',1),(74,'中型车',626,625,'2019-03-25',0),(75,'中型车',131,2321,'2019-03-25',1),(76,'长途车',637,4394,'2019-03-25',1),(77,'中型车',831,6865,'2019-03-25',0),(78,'中型车',882,8763,'2019-03-25',0),(79,'小型车',874,8692,'2019-03-25',1),(80,'长途车',481,3214,'2019-03-25',0),(81,'长途车',250,4412,'2019-03-25',0),(82,'中型车',909,6999,'2019-03-25',0),(83,'长途车',752,9539,'2019-03-25',0),(84,'公交车',903,9683,'2019-03-25',0),(85,'大型车',785,422,'2019-03-25',0),(86,'长途车',555,8068,'2019-03-25',1),(87,'小型车',404,6934,'2019-03-25',0),(88,'公交车',731,3969,'2019-03-25',0),(89,'大型车',636,5049,'2019-03-25',0),(90,'中型车',915,3084,'2019-03-25',0),(91,'中型车',355,8207,'2019-03-25',1),(92,'公交车',800,2770,'2019-03-25',0),(93,'小型车',795,5635,'2019-03-25',0),(94,'公交车',400,4824,'2019-03-25',0),(95,'公交车',283,3903,'2019-03-25',0),(96,'长途车',932,771,'2019-03-25',0),(97,'公交车',101,9862,'2019-03-25',1),(98,'大型车',709,944,'2019-03-25',0),(99,'中型车',519,7304,'2019-03-25',0),(100,'长途车',844,3884,'2019-03-25',0),(101,'大型车',570,6722,'2019-03-25',0),(102,'公交车',979,4367,'2019-03-25',0),(103,'公交车',762,140,'2019-03-25',0),(104,'大型车',853,6436,'2019-03-25',0),(105,'公交车',964,8733,'2019-03-25',0),(106,'小型车',821,2160,'2019-03-25',0),(107,'大型车',119,6052,'2019-03-25',0),(108,'小型车',963,2570,'2019-03-25',1),(109,'中型车',753,6209,'2019-03-25',0),(110,'公交车',140,6683,'2019-03-25',0),(111,'大型车',994,2847,'2019-03-25',0),(112,'小型车',958,8535,'2019-03-25',0),(113,'大型车',726,4387,'2019-03-25',0),(114,'长途车',776,5112,'2019-03-25',1),(115,'长途车',143,6633,'2019-03-25',0),(116,'中型车',531,1828,'2019-03-25',0),(117,'大型车',366,8483,'2019-03-25',1),(118,'公交车',559,7265,'2019-03-25',0),(119,'长途车',752,7933,'2019-03-25',0),(120,'小型车',867,8783,'2019-03-25',0),(121,'小型车',190,8347,'2019-03-25',0),(122,'小型车',755,7953,'2019-03-25',0),(123,'小型车',223,3109,'2019-03-25',0),(124,'小型车',567,8534,'2019-03-25',0),(125,'大型车',611,8837,'2019-03-25',0),(126,'长途车',672,7652,'2019-03-25',0),(127,'公交车',218,5190,'2019-03-25',0),(128,'长途车',581,402,'2019-03-25',1),(129,'公交车',379,8453,'2019-03-25',0),(130,'公交车',404,5353,'2019-03-25',1),(131,'长途车',201,6937,'2019-03-25',1),(132,'小型车',607,3752,'2019-03-25',0),(133,'公交车',973,6014,'2019-03-25',0),(134,'长途车',703,8588,'2019-03-25',0),(135,'小型车',650,140,'2019-03-25',0),(136,'公交车',660,5885,'2019-03-25',0),(137,'大型车',716,4038,'2019-03-25',0),(138,'公交车',401,4037,'2019-03-25',0),(139,'中型车',657,2713,'2019-03-25',0),(140,'大型车',662,3643,'2019-03-25',1),(141,'长途车',419,9008,'2019-03-25',0),(142,'公交车',253,7589,'2019-03-25',1),(143,'小型车',659,4062,'2019-03-25',0),(144,'长途车',664,5490,'2019-03-25',1),(145,'大型车',268,5345,'2019-03-25',0),(146,'中型车',905,3188,'2019-03-25',0),(147,'大型车',959,2978,'2019-03-25',0),(148,'长途车',513,8925,'2019-03-25',0),(149,'大型车',184,3041,'2019-03-25',0),(150,'中型车',537,9915,'2019-03-25',0),(151,'中型车',673,776,'2019-03-25',0),(152,'长途车',316,413,'2019-03-25',0),(153,'公交车',442,1163,'2019-03-25',0),(154,'长途车',625,800,'2019-03-25',0),(155,'长途车',684,9983,'2019-03-25',0),(156,'大型车',976,8561,'2019-03-25',0),(157,'大型车',613,9556,'2019-03-25',0),(158,'小型车',323,4719,'2019-03-25',1),(159,'小型车',123,9103,'2019-03-25',0),(160,'大型车',520,1062,'2019-03-25',1),(161,'公交车',623,2432,'2019-03-25',0),(162,'中型车',414,2906,'2019-03-25',1),(163,'中型车',821,7273,'2019-03-25',0),(164,'长途车',468,9342,'2019-03-25',0),(165,'长途车',808,5188,'2019-03-25',0),(166,'小型车',668,3776,'2019-03-25',0),(167,'中型车',252,7542,'2019-03-25',0),(168,'中型车',825,1270,'2019-03-25',0),(169,'大型车',723,8570,'2019-03-25',0),(170,'长途车',927,7542,'2019-03-25',0),(171,'中型车',942,8560,'2019-03-25',1),(172,'大型车',885,8585,'2019-03-25',0),(173,'公交车',472,106,'2019-03-25',0),(174,'公交车',627,8884,'2019-03-25',0),(175,'中型车',152,2460,'2019-03-25',0),(176,'小型车',129,2490,'2019-03-25',0),(177,'中型车',389,7341,'2019-03-25',0),(178,'小型车',507,275,'2019-03-25',1),(179,'公交车',980,8334,'2019-03-25',0),(180,'中型车',436,6897,'2019-03-25',0),(181,'小型车',352,6832,'2019-03-25',0),(182,'大型车',921,5764,'2019-03-25',0),(183,'大型车',276,8052,'2019-03-25',0),(184,'小型车',854,1864,'2019-03-25',0),(185,'中型车',858,9242,'2019-03-25',0),(186,'长途车',598,2780,'2019-03-25',0),(187,'公交车',827,6537,'2019-03-25',0),(188,'小型车',188,490,'2019-03-25',0),(189,'长途车',556,4104,'2019-03-25',0),(190,'长途车',314,4402,'2019-03-25',1),(191,'大型车',441,9970,'2019-03-25',0),(192,'公交车',882,265,'2019-03-25',0),(193,'大型车',822,7653,'2019-03-25',0),(194,'小型车',810,4300,'2019-03-25',0),(195,'公交车',877,9937,'2019-03-25',1),(196,'公交车',466,9154,'2019-03-25',0),(197,'中型车',562,526,'2019-03-25',1),(198,'小型车',991,1904,'2019-03-25',0),(199,'中型车',892,622,'2019-03-25',0),(200,'大型车',428,1084,'2019-03-25',0),(201,'小型车',348,8297,'2019-03-25',0),(202,'中型车',192,1950,'2019-03-25',0),(203,'长途车',887,6028,'2019-03-25',0),(204,'大型车',242,9559,'2019-03-25',0),(205,'长途车',338,3015,'2019-03-25',0),(206,'大型车',571,8991,'2019-03-25',0),(207,'长途车',430,1049,'2019-03-25',1),(208,'中型车',669,7281,'2019-03-25',0),(209,'大型车',176,5727,'2019-03-25',0),(210,'长途车',266,4520,'2019-03-25',1),(211,'小型车',297,1508,'2019-03-25',0),(212,'中型车',191,6526,'2019-03-25',0),(213,'中型车',229,3234,'2019-03-25',0),(214,'大型车',317,6609,'2019-03-25',0),(215,'公交车',179,7522,'2019-03-25',1),(216,'长途车',244,1099,'2019-03-25',0),(217,'长途车',187,8600,'2019-03-25',0),(218,'小型车',532,9976,'2019-03-25',0),(219,'小型车',858,959,'2019-03-25',1),(220,'长途车',867,9774,'2019-03-25',0),(221,'大型车',921,5194,'2019-03-25',0),(222,'小型车',797,8576,'2019-03-25',0),(223,'长途车',371,3070,'2019-03-25',0),(224,'小型车',261,3313,'2019-03-25',0),(225,'大型车',802,2297,'2019-03-25',0),(226,'小型车',514,1506,'2019-03-25',1),(227,'中型车',262,1478,'2019-03-25',0),(228,'小型车',860,3193,'2019-03-25',0),(229,'公交车',976,1482,'2019-03-25',0),(230,'大型车',605,9614,'2019-03-25',0),(231,'大型车',456,8424,'2019-03-25',0),(232,'长途车',145,3270,'2019-03-25',0),(233,'中型车',925,3045,'2019-03-25',0),(234,'公交车',664,1676,'2019-03-25',0),(235,'小型车',697,6421,'2019-03-25',0),(236,'长途车',276,9627,'2019-03-25',0),(237,'大型车',126,6165,'2019-03-25',0),(238,'公交车',629,4931,'2019-03-25',0),(239,'大型车',968,4390,'2019-03-25',0),(240,'长途车',889,6141,'2019-03-25',1),(241,'小型车',608,6854,'2019-03-25',1),(242,'大型车',483,8155,'2019-03-25',1),(243,'大型车',563,6362,'2019-03-25',0),(244,'公交车',439,6618,'2019-03-25',1),(245,'大型车',391,1995,'2019-03-25',0),(246,'公交车',165,8789,'2019-03-25',0),(247,'大型车',474,325,'2019-03-25',0),(248,'长途车',995,4008,'2019-03-25',0),(249,'长途车',107,3731,'2019-03-25',0),(250,'中型车',566,3303,'2019-03-25',0),(251,'长途车',407,8919,'2019-03-25',0),(252,'大型车',589,8827,'2019-03-25',0),(253,'公交车',105,9058,'2019-03-25',0),(254,'大型车',395,9023,'2019-03-25',0),(255,'大型车',825,5616,'2019-03-25',0),(256,'小型车',765,9036,'2019-03-25',1),(257,'中型车',465,3731,'2019-03-25',0),(258,'小型车',161,9061,'2019-03-25',0),(259,'小型车',322,1973,'2019-03-25',1),(260,'中型车',560,1053,'2019-03-25',1),(261,'中型车',819,4435,'2019-03-25',1),(262,'中型车',635,3326,'2019-03-25',0),(263,'长途车',851,4199,'2019-03-25',0),(264,'大型车',663,2491,'2019-03-25',0),(265,'中型车',731,4415,'2019-03-25',0),(266,'大型车',203,1631,'2019-03-25',0),(267,'公交车',259,5730,'2019-03-25',0),(268,'小型车',559,1126,'2019-03-25',0),(269,'中型车',830,4492,'2019-03-25',0),(270,'小型车',248,4163,'2019-03-25',1),(271,'中型车',487,5547,'2019-03-25',1),(272,'小型车',566,7606,'2019-03-25',0),(273,'长途车',855,8781,'2019-03-25',0),(274,'中型车',888,1268,'2019-03-25',0),(275,'长途车',903,5436,'2019-03-25',1),(276,'长途车',997,2039,'2019-03-25',1),(277,'公交车',689,5662,'2019-03-25',0),(278,'中型车',273,6943,'2019-03-25',0),(279,'中型车',113,6264,'2019-03-25',0),(280,'公交车',887,2732,'2019-03-25',0),(281,'中型车',535,7674,'2019-03-25',0),(282,'中型车',666,9070,'2019-03-25',0),(283,'小型车',501,7669,'2019-03-25',0),(284,'中型车',338,8875,'2019-03-25',0),(285,'长途车',738,8921,'2019-03-25',0),(286,'长途车',419,7450,'2019-03-25',0),(287,'小型车',725,6488,'2019-03-25',0),(288,'公交车',214,3599,'2019-03-25',1),(289,'公交车',796,6640,'2019-03-25',0),(290,'小型车',550,1020,'2019-03-25',0),(291,'中型车',353,6129,'2019-03-25',0),(292,'长途车',449,876,'2019-03-25',0),(293,'大型车',993,2142,'2019-03-25',0),(294,'长途车',186,3014,'2019-03-25',1),(295,'长途车',569,3938,'2019-03-25',0),(296,'小型车',434,4414,'2019-03-25',0),(297,'小型车',544,5191,'2019-03-25',0),(298,'大型车',279,8670,'2019-03-25',0),(299,'公交车',338,8892,'2019-03-25',0),(300,'小型车',398,1926,'2019-03-25',0),(301,'长途车',149,8107,'2019-03-25',0),(302,'公交车',871,4529,'2019-03-25',0),(303,'大型车',875,9635,'2019-03-25',0),(304,'大型车',485,7666,'2019-03-25',0),(305,'大型车',272,160,'2019-03-25',0),(306,'大型车',618,7692,'2019-03-25',0),(307,'中型车',836,3534,'2019-03-25',0),(308,'长途车',264,9103,'2019-03-25',0),(309,'中型车',218,6059,'2019-03-25',0),(310,'公交车',756,4340,'2019-03-25',0),(311,'长途车',383,7917,'2019-03-25',0),(312,'小型车',300,3725,'2019-03-25',0),(313,'小型车',708,3014,'2019-03-25',0),(314,'公交车',551,4751,'2019-03-25',0),(315,'长途车',805,9007,'2019-03-25',1),(316,'长途车',130,1581,'2019-03-25',1),(317,'中型车',974,8633,'2019-03-25',1),(318,'大型车',158,9876,'2019-03-25',0),(319,'公交车',854,7263,'2019-03-25',0),(320,'大型车',510,437,'2019-03-25',0),(321,'长途车',123,3617,'2019-03-25',0),(322,'公交车',596,1166,'2019-03-25',0),(323,'大型车',750,9332,'2019-03-25',0),(324,'长途车',565,8666,'2019-03-25',0),(325,'小型车',932,3530,'2019-03-25',0),(326,'公交车',467,9732,'2019-03-25',1),(327,'长途车',658,8958,'2019-03-25',0),(328,'小型车',435,4195,'2019-03-25',0),(329,'大型车',434,2237,'2019-03-25',0),(330,'小型车',912,2945,'2019-03-25',0),(331,'大型车',325,5475,'2019-03-25',1),(332,'中型车',863,9270,'2019-03-25',0),(333,'中型车',973,5505,'2019-03-25',0),(334,'大型车',371,7863,'2019-03-25',1),(335,'小型车',785,5472,'2019-03-25',0),(336,'中型车',885,2277,'2019-03-25',0),(337,'公交车',278,6821,'2019-03-25',0),(338,'中型车',140,9013,'2019-03-25',0),(339,'长途车',338,9333,'2019-03-25',0),(340,'小型车',362,9634,'2019-03-25',0),(341,'小型车',181,9848,'2019-03-25',1),(342,'中型车',307,9903,'2019-03-25',0),(343,'中型车',274,5937,'2019-03-25',0),(344,'长途车',693,6762,'2019-03-25',0),(345,'大型车',997,4817,'2019-03-25',0),(346,'小型车',813,3050,'2019-03-25',0),(347,'大型车',238,6298,'2019-03-25',0),(348,'小型车',747,9839,'2019-03-25',0),(349,'大型车',115,8248,'2019-03-25',0),(350,'小型车',786,6018,'2019-03-25',0),(351,'长途车',222,6781,'2019-03-25',1),(352,'中型车',729,4535,'2019-03-25',0),(353,'中型车',265,8041,'2019-03-25',0),(354,'小型车',195,9018,'2019-03-25',0),(355,'公交车',385,7750,'2019-03-25',0),(356,'中型车',110,1317,'2019-03-25',0),(357,'小型车',894,459,'2019-03-25',1),(358,'公交车',853,3830,'2019-03-25',0),(359,'公交车',666,1574,'2019-03-25',1),(360,'中型车',802,9147,'2019-03-25',0),(361,'公交车',156,4730,'2019-03-25',1),(362,'公交车',742,3668,'2019-03-25',1),(363,'公交车',620,4261,'2019-03-25',0),(364,'公交车',423,9604,'2019-03-25',0),(365,'公交车',205,4937,'2019-03-25',1),(366,'公交车',264,1719,'2019-03-25',0),(367,'小型车',688,1665,'2019-03-25',1),(368,'公交车',650,6170,'2019-03-25',0),(369,'小型车',935,3426,'2019-03-25',0),(370,'公交车',210,3837,'2019-03-25',0),(371,'公交车',145,2811,'2019-03-25',0),(372,'大型车',386,5494,'2019-03-25',0),(373,'大型车',566,2239,'2019-03-25',1),(374,'大型车',489,1378,'2019-03-25',0),(375,'大型车',924,2334,'2019-03-25',1),(376,'长途车',299,3251,'2019-03-25',0),(377,'小型车',649,9720,'2019-03-25',0),(378,'大型车',771,3571,'2019-03-25',0),(379,'大型车',431,1069,'2019-03-25',0),(380,'小型车',562,6394,'2019-03-25',1),(381,'公交车',1000,9267,'2019-03-25',0),(382,'大型车',950,2123,'2019-03-25',1),(383,'公交车',771,9487,'2019-03-25',0),(384,'长途车',235,1829,'2019-03-25',0),(385,'长途车',891,8027,'2019-03-25',0),(386,'大型车',737,2382,'2019-03-25',0),(387,'大型车',470,4467,'2019-03-25',0),(388,'大型车',220,5883,'2019-03-25',0),(389,'小型车',545,4642,'2019-03-25',0),(390,'长途车',218,7905,'2019-03-25',0),(391,'小型车',344,9967,'2019-03-25',0),(392,'长途车',394,1901,'2019-03-25',0),(393,'中型车',127,9120,'2019-03-25',0),(394,'小型车',830,1905,'2019-03-25',1),(395,'长途车',864,7296,'2019-03-25',0),(396,'大型车',105,4625,'2019-03-25',0),(397,'中型车',738,4069,'2019-03-25',0),(398,'大型车',705,5177,'2019-03-25',0),(399,'公交车',128,5091,'2019-03-25',0),(400,'中型车',625,6040,'2019-03-25',0),(401,'大型车',271,4215,'2019-03-25',0),(402,'小型车',922,8535,'2019-03-25',1),(403,'公交车',493,4284,'2019-03-25',0),(404,'大型车',701,7485,'2019-03-25',0),(405,'中型车',929,3162,'2019-03-25',0),(406,'大型车',563,5214,'2019-03-25',0),(407,'小型车',512,5195,'2019-03-25',0),(408,'公交车',430,8742,'2019-03-25',0),(409,'公交车',845,6024,'2019-03-25',0),(410,'大型车',722,9451,'2019-03-25',0),(411,'长途车',676,3899,'2019-03-25',0),(412,'大型车',839,8255,'2019-03-25',1),(413,'公交车',847,4971,'2019-03-25',0),(414,'公交车',278,345,'2019-03-25',0),(415,'长途车',982,2223,'2019-03-25',0),(416,'中型车',780,1411,'2019-03-25',0),(417,'中型车',962,6807,'2019-03-25',0),(418,'中型车',989,9752,'2019-03-25',0),(419,'小型车',703,2898,'2019-03-25',0),(420,'长途车',352,4386,'2019-03-25',0),(421,'公交车',736,2875,'2019-03-25',0),(422,'大型车',439,2508,'2019-03-25',1),(423,'中型车',889,1575,'2019-03-25',0),(424,'小型车',164,4802,'2019-03-25',0),(425,'公交车',989,3482,'2019-03-25',1),(426,'小型车',704,6504,'2019-03-25',1),(427,'大型车',395,8958,'2019-03-25',0),(428,'长途车',590,9685,'2019-03-25',0),(429,'小型车',970,6507,'2019-03-25',0),(430,'小型车',297,1503,'2019-03-25',1),(431,'小型车',400,7665,'2019-03-25',1),(432,'小型车',946,2149,'2019-03-25',0),(433,'小型车',884,5607,'2019-03-25',0),(434,'小型车',295,9450,'2019-03-25',0),(435,'大型车',593,3774,'2019-03-25',0),(436,'中型车',432,4677,'2019-03-25',0),(437,'长途车',258,5092,'2019-03-25',0),(438,'公交车',536,3498,'2019-03-25',0),(439,'长途车',693,7596,'2019-03-25',0),(440,'大型车',742,7353,'2019-03-25',0),(441,'小型车',749,9412,'2019-03-25',1),(442,'大型车',964,2038,'2019-03-25',0),(443,'公交车',276,4093,'2019-03-25',0),(444,'小型车',478,7348,'2019-03-25',0),(445,'小型车',823,7755,'2019-03-25',1),(446,'中型车',787,2220,'2019-03-25',0),(447,'长途车',431,1531,'2019-03-25',1),(448,'公交车',521,6080,'2019-03-25',0),(449,'长途车',512,5771,'2019-03-25',0),(450,'公交车',209,4470,'2019-03-25',0),(451,'大型车',568,9247,'2019-03-25',0),(452,'小型车',369,8018,'2019-03-25',0),(453,'公交车',201,1331,'2019-03-25',0),(454,'小型车',802,3474,'2019-03-25',1),(455,'小型车',564,7549,'2019-03-25',0),(456,'长途车',829,154,'2019-03-25',0),(457,'小型车',558,5753,'2019-03-25',0),(458,'小型车',534,8730,'2019-03-25',0),(459,'大型车',450,4552,'2019-03-25',0),(460,'大型车',846,7980,'2019-03-25',0),(461,'公交车',636,3325,'2019-03-25',0),(462,'中型车',829,7199,'2019-03-25',1),(463,'小型车',318,3330,'2019-03-25',0),(464,'小型车',510,9818,'2019-03-25',0),(465,'大型车',673,5658,'2019-03-25',1),(466,'公交车',362,843,'2019-03-25',0),(467,'公交车',786,9161,'2019-03-25',0),(468,'大型车',247,1964,'2019-03-25',0),(469,'小型车',621,1387,'2019-03-25',1),(470,'中型车',500,1203,'2019-03-25',0),(471,'小型车',507,5543,'2019-03-25',0),(472,'小型车',155,6009,'2019-03-25',0),(473,'中型车',777,3390,'2019-03-25',0),(474,'中型车',175,7870,'2019-03-25',0),(475,'小型车',424,7071,'2019-03-25',0),(476,'公交车',365,5513,'2019-03-25',0),(477,'小型车',217,7822,'2019-03-25',0),(478,'公交车',909,2006,'2019-03-25',0),(479,'中型车',145,6546,'2019-03-25',1),(480,'公交车',393,7207,'2019-03-25',0),(481,'中型车',622,555,'2019-03-25',0),(482,'长途车',899,5416,'2019-03-25',0),(483,'中型车',146,1861,'2019-03-25',0),(484,'小型车',176,2906,'2019-03-25',1),(485,'中型车',707,9974,'2019-03-25',0),(486,'公交车',204,5609,'2019-03-25',1),(487,'公交车',546,1714,'2019-03-25',0),(488,'中型车',930,8373,'2019-03-25',1),(489,'公交车',834,5660,'2019-03-25',0),(490,'小型车',616,2465,'2019-03-25',0),(491,'小型车',280,2376,'2019-03-25',0),(492,'大型车',327,2428,'2019-03-25',1),(493,'长途车',300,3246,'2019-03-25',0),(494,'公交车',966,4367,'2019-03-25',0),(495,'公交车',747,5766,'2019-03-25',0),(496,'长途车',213,7960,'2019-03-25',0),(497,'中型车',756,3741,'2019-03-25',0),(498,'中型车',303,5342,'2019-03-25',0),(499,'小型车',684,7163,'2019-03-25',0),(500,'中型车',587,1193,'2019-03-25',0);
/*!40000 ALTER TABLE `proposer` ENABLE KEYS */;
UNLOCK TABLES;

--
-- Table structure for table `record`
--

DROP TABLE IF EXISTS `record`;
/*!40101 SET @saved_cs_client     = @@character_set_client */;
 SET character_set_client = utf8mb4 ;
CREATE TABLE `record` (
  `id` int(11) NOT NULL AUTO_INCREMENT,
  `DName` varchar(20) NOT NULL,
  `STime` datetime(6) NOT NULL,
  `ETime` datetime(6) NOT NULL,
  `OilConsumpution` int(11) NOT NULL,
  `isDelete` tinyint(1) NOT NULL,
  `CNo_id` varchar(20) NOT NULL,
  `DNo_id` int(11) NOT NULL,
  PRIMARY KEY (`id`),
  KEY `Record_CNo_id_5f972d32_fk_Car_CNo` (`CNo_id`),
  KEY `Record_DNo_id_9850de20_fk_Driver_id` (`DNo_id`),
  CONSTRAINT `Record_CNo_id_5f972d32_fk_Car_CNo` FOREIGN KEY (`CNo_id`) REFERENCES `car` (`CNo`),
  CONSTRAINT `Record_DNo_id_9850de20_fk_Driver_id` FOREIGN KEY (`DNo_id`) REFERENCES `driver` (`id`)
) ENGINE=InnoDB AUTO_INCREMENT=501 DEFAULT CHARSET=utf8mb4 COLLATE=utf8mb4_0900_ai_ci;
/*!40101 SET character_set_client = @saved_cs_client */;

--
-- Dumping data for table `record`
--

LOCK TABLES `record` WRITE;
/*!40000 ALTER TABLE `record` DISABLE KEYS */;
INSERT INTO `record` VALUES (1,'Nick','2015-04-14 11:18:15.189265','2014-09-15 11:18:15.189265',6300,0,'辽K7361',7),(2,'Justin','2016-08-26 11:18:15.212261','2016-12-08 11:18:15.212261',16500,0,'皖A6503',73),(3,'Mike','2017-11-13 11:18:15.218276','2017-09-23 11:18:15.218276',3200,0,'鲁N2048',68),(4,'Ryan','2016-07-02 11:18:15.226279','2016-02-16 11:18:15.226279',45000,0,'豫B8225',29),(5,'Andy','2015-11-29 11:18:15.232263','2015-09-16 11:18:15.232263',10500,0,'皖A7548',164),(6,'Jason','2014-10-13 11:18:15.238268','2014-06-20 11:18:15.238268',19800,0,'新B1464',160),(7,'Jackson','2016-01-16 11:18:15.244263','2016-03-08 11:18:15.244263',5200,0,'鲁N1429',138),(8,'Aidan','2015-07-11 11:18:15.250262','2017-01-29 11:18:15.250262',19600,0,'新B9104',82),(9,'Abraham','2016-12-01 11:18:15.257263','2018-09-24 11:18:15.257263',1800,0,'冀D5930',131),(10,'Apollo','2016-05-02 11:18:15.264262','2016-01-10 11:18:15.264262',16200,0,'豫B7067',184),(11,'Adrian','2016-04-06 11:18:15.271272','2015-06-02 11:18:15.271272',10000,0,'冀D9855',23),(12,'Noah','2015-11-25 11:18:15.277276','2016-12-18 11:18:15.277276',7000,0,'皖A3347',163),(13,'Matthew','2016-02-21 11:18:15.284271','2015-10-10 11:18:15.284271',12000,0,'新B2080',101),(14,'Ronald','2016-02-15 11:18:15.291264','2016-02-18 11:18:15.291264',1800,0,'鲁N9458',165),(15,'JimmyJames','2015-07-04 11:18:15.297277','2016-03-21 11:18:15.297277',45000,0,'皖A9450',12),(16,'Angus','2016-10-07 11:18:15.304262','2016-03-19 11:18:15.304262',20000,0,'豫B7943',140),(17,'Reed','2015-08-05 11:18:15.312263','2016-01-20 11:18:15.312263',53000,0,'辽K9608',85),(18,'Andy','2015-08-04 11:18:15.335267','2017-01-06 11:18:15.335267',10850,0,'皖A7299',112),(19,'Aidan','2017-05-21 11:18:15.342275','2018-03-26 11:18:15.342275',28000,0,'皖A8771',21),(20,'JimmyJames','2017-06-16 11:18:15.349263','2017-10-30 11:18:15.349263',38000,0,'辽K7755',74),(21,'Jonathan','2018-01-01 11:18:15.357262','2018-03-16 11:18:15.357262',15000,0,'新B7222',92),(22,'JimmyJames','2014-07-13 11:18:15.365304','2014-10-08 11:18:15.365304',9600,0,'豫E7496',74),(23,'Riley','2016-01-01 11:18:15.372269','2016-08-09 11:18:15.372269',15750,0,'皖A9174',174),(24,'Nicholas','2015-03-17 11:18:15.378282','2015-07-07 11:18:15.378282',15300,0,'辽K5692',10),(25,'Jonathan','2015-07-07 11:18:15.384277','2017-02-12 11:18:15.384277',38000,0,'冀D8372',92),(26,'Jason','2016-05-30 11:18:15.391269','2016-11-23 11:18:15.391269',21000,0,'冀D2702',160),(27,'Nelson','2016-05-13 11:18:15.399266','2016-08-04 11:18:15.399266',7350,0,'新B8996',65),(28,'Arnold','2017-07-03 11:18:15.406403','2017-11-30 11:18:15.406403',24600,0,'辽K2663',58),(29,'JoeJoseph','2016-11-09 11:18:15.413289','2015-09-07 11:18:15.413289',49000,0,'皖A4186',168),(30,'Abraham','2016-03-08 11:18:15.424265','2015-04-29 11:18:15.424265',10500,0,'冀D8403',131),(31,'Norman','2014-08-11 11:18:15.430266','2014-03-09 11:18:15.430266',4800,0,'豫B4763',33),(32,'Jackson','2016-03-06 11:18:15.437266','2017-05-31 11:18:15.437266',14400,0,'冀D4640',138),(33,'Robert','2017-06-29 11:18:15.444263','2017-06-15 11:18:15.444263',1200,0,'鲁N2295',159),(34,'Ronald','2016-07-02 11:18:15.451269','2016-12-30 11:18:15.451269',14100,0,'皖A8356',165),(35,'Jackson','2016-07-04 11:18:15.458286','2016-10-20 11:18:15.458286',14700,0,'鲁N7488',99),(36,'Jackson','2016-04-03 11:18:15.466291','2017-01-17 11:18:15.466291',4800,0,'鲁N1647',176),(37,'JoseJoseph','2014-09-06 11:18:15.472287','2014-09-22 11:18:15.472287',52000,0,'豫E5116',3),(38,'Apollo','2017-03-16 11:18:15.480288','2016-05-17 11:18:15.480288',45000,0,'辽K2426',46),(39,'Andrew','2015-07-12 11:18:15.486285','2015-12-15 11:18:15.486285',12900,0,'皖A1753',11),(40,'Martin','2015-12-09 11:18:15.493265','2017-01-25 11:18:15.493265',30600,0,'辽K9374',157),(41,'Andy','2016-09-15 11:18:15.500285','2016-02-23 11:18:15.500285',10500,0,'鲁N6420',97),(42,'Roy','2015-03-12 11:18:15.507285','2015-09-14 11:18:15.507285',6600,0,'新B9112',80),(43,'Johnny','2017-03-13 11:18:15.515270','2016-09-17 11:18:15.515270',37000,0,'冀D3007',54),(44,'JimmyJames','2016-09-09 11:18:15.522282','2016-12-05 11:18:15.522282',16450,0,'豫B6676',143),(45,'Marcy','2015-11-06 11:18:15.528285','2017-12-16 11:18:15.528285',19600,0,'辽K6186',128),(46,'Abel','2016-01-25 11:18:15.535265','2015-02-17 11:18:15.535265',59000,0,'冀D4581',26),(47,'Ryan','2014-04-08 11:18:15.543264','2016-05-29 11:18:15.543264',26400,0,'豫E3678',166),(48,'Jackson','2014-04-22 11:18:15.549285','2016-01-21 11:18:15.549285',36000,0,'冀D9498',111),(49,'Alfred','2017-04-30 11:18:15.556267','2018-02-10 11:18:15.556267',9600,0,'新B7485',145),(50,'Anthony','2014-09-08 11:18:15.565263','2014-09-04 11:18:15.565263',9400,0,'辽K8363',125),(51,'Abel','2017-02-15 11:18:15.572273','2016-09-09 11:18:15.572273',20000,0,'鲁N3779',100),(52,'Robert','2014-05-01 11:18:15.580270','2015-06-20 11:18:15.580270',4600,0,'鲁N8414',159),(53,'Nathaniel','2015-02-12 11:18:15.587285','2015-02-02 11:18:15.587285',11200,0,'冀D3156',158),(54,'Martin','2015-02-01 11:18:15.594262','2014-03-31 11:18:15.594262',9100,0,'冀D1002',157),(55,'Jerome','2013-11-12 11:18:15.600263','2014-10-02 11:18:15.600263',2200,0,'冀D6081',191),(56,'Marcus','2017-01-30 11:18:15.607261','2015-10-28 11:18:15.607261',8400,0,'辽K4740',39),(57,'Jordan','2017-03-13 11:18:15.641267','2014-12-29 11:18:15.641267',42000,0,'鲁N6557',172),(58,'Arnold','2015-11-07 11:18:15.665263','2015-06-01 11:18:15.665263',7000,0,'新B2507',58),(59,'Reed','2015-07-10 11:18:15.674262','2017-06-11 11:18:15.674262',13650,0,'豫E6946',13),(60,'Matthew','2014-05-01 11:18:15.682270','2015-08-27 11:18:15.682270',24600,0,'新B1299',40),(61,'Albert','2015-10-10 11:18:15.689276','2016-11-29 11:18:15.689276',17100,0,'冀D4640',6),(62,'JimJames','2016-09-09 11:18:15.696262','2015-09-01 11:18:15.696262',39000,0,'皖A7659',64),(63,'Jackson','2017-06-19 11:18:15.702270','2017-01-29 11:18:15.702270',42000,0,'豫B1689',95),(64,'Nathaniel','2017-05-12 11:18:15.709264','2016-01-23 11:18:15.709264',5000,0,'豫E5116',158),(65,'Justin','2016-09-04 11:18:15.717266','2018-01-25 11:18:15.717266',6600,0,'豫B9786',73),(66,'Apollo','2017-09-11 11:18:15.724264','2016-10-26 11:18:15.724264',2200,0,'皖A3151',188),(67,'Mason','2017-10-10 11:18:15.731308','2017-10-10 11:18:15.731308',6650,0,'冀D6899',115),(68,'Nicholas','2016-12-21 11:18:15.738275','2015-11-25 11:18:15.738275',18000,0,'辽K7070',10),(69,'Angus','2016-09-02 11:18:15.744264','2014-12-29 11:18:15.744264',4900,0,'辽K7334',140),(70,'Marks','2015-03-13 11:18:15.751267','2014-10-11 11:18:15.751267',11800,0,'新B8483',104),(71,'Rock','2017-12-22 11:18:15.758261','2017-09-12 11:18:15.758261',23000,0,'鲁N8835',177),(72,'JimmyJames','2016-03-30 11:18:15.764277','2016-10-10 11:18:15.764277',1600,0,'冀D9408',12),(73,'Reed','2014-02-25 11:18:15.771281','2014-05-07 11:18:15.771281',5000,0,'皖A7542',171),(74,'Jackson','2017-08-07 11:18:15.777276','2016-12-17 11:18:15.777276',51000,0,'豫E6018',111),(75,'Aaron','2017-12-08 11:18:15.806264','2016-11-06 11:18:15.806264',51000,0,'鲁N8368',78),(76,'JamesJacob','2016-04-09 11:18:15.813264','2018-02-04 11:18:15.813264',4800,0,'豫B9712',25),(77,'Reed','2015-07-26 11:18:15.820276','2015-04-01 11:18:15.820276',10200,0,'豫E2283',127),(78,'JimmyJames','2016-03-28 11:18:15.827263','2016-12-11 11:18:15.827263',11600,0,'新B3173',12),(79,'Ronald','2015-10-17 11:18:15.836266','2015-10-10 11:18:15.836266',8000,0,'皖A9762',192),(80,'Justin','2016-02-04 11:18:15.844292','2018-01-16 11:18:15.844292',9200,0,'豫B5400',73),(81,'Jack','2018-06-18 11:18:15.854266','2017-08-26 11:18:15.854266',30000,0,'新B5436',155),(82,'Joshua','2015-11-09 11:18:15.861292','2016-05-07 11:18:15.861292',5700,0,'辽K1092',17),(83,'Jonathan','2015-08-23 11:18:15.868292','2017-05-14 11:18:15.868292',47000,0,'豫B1663',148),(84,'Johnny','2016-10-15 11:18:15.875269','2017-12-22 11:18:15.875269',28800,0,'辽K6048',54),(85,'Anthony','2016-11-05 11:18:15.883267','2017-03-21 11:18:15.883267',8400,0,'冀D1087',125),(86,'Alexander','2016-04-02 11:18:15.891297','2017-11-18 11:18:15.891297',9400,0,'豫E9806',189),(87,'Max','2016-12-12 11:18:15.899290','2017-03-02 11:18:15.899290',9000,0,'鲁N2354',135),(88,'John','2014-07-05 11:18:15.906268','2017-02-07 11:18:15.906268',37000,0,'豫B7015',186),(89,'Robinson','2016-08-14 11:18:15.912294','2018-04-22 11:18:15.912294',17150,0,'豫B4804',187),(90,'Mike','2015-08-08 11:18:15.919291','2017-04-05 11:18:15.919291',9000,0,'鲁N8630',68),(91,'Ronald','2016-02-07 11:18:15.925261','2015-09-16 11:18:15.925261',18000,0,'豫B9127',50),(92,'Noah','2016-05-14 11:18:15.952309','2016-07-19 11:18:15.952309',33600,0,'新B8653',147),(93,'Jason','2016-11-01 11:18:15.962375','2017-11-05 11:18:15.962375',5400,0,'豫E4035',122),(94,'JimmyJames','2017-06-02 11:18:15.969290','2016-09-07 11:18:15.969290',57000,0,'辽K8959',162),(95,'Martin','2017-07-15 11:18:15.976294','2018-02-01 11:18:15.976294',8750,0,'冀D2030',157),(96,'Alan','2018-04-10 11:18:15.984263','2017-09-06 11:18:15.984263',3800,0,'皖A1091',66),(97,'Aidan','2016-02-20 11:18:15.991265','2017-12-14 11:18:15.991265',53000,0,'新B7823',178),(98,'Alva','2016-11-13 11:18:15.997290','2018-05-18 11:18:15.997290',11400,0,'辽K7398',109),(99,'Noah','2015-12-05 11:18:16.004265','2015-07-07 11:18:16.004265',25800,0,'辽K9899',114),(100,'Aidan','2017-12-02 11:18:16.012272','2018-10-08 11:18:16.012272',5400,0,'冀D8346',82),(101,'JimJames','2018-01-27 11:18:16.019288','2017-03-04 11:18:16.019288',16200,0,'鲁N9545',64),(102,'Jackson','2016-10-02 11:18:16.028327','2017-06-08 11:18:16.028327',57000,0,'豫B3027',176),(103,'Arthur','2017-10-20 11:18:16.036263','2015-11-12 11:18:16.036263',27000,0,'豫B6416',60),(104,'Alexander','2018-05-24 11:18:16.043290','2018-10-31 11:18:16.043290',36000,0,'冀D5298',189),(105,'Joshua','2016-03-05 11:18:16.050266','2015-07-31 11:18:16.050266',8050,0,'皖A5363',19),(106,'Aaron','2017-08-02 11:18:16.058261','2017-02-01 11:18:16.058261',3600,0,'鲁N2147',124),(107,'Aidan','2017-10-05 11:18:16.065266','2017-10-31 11:18:16.065266',4000,0,'鲁N6703',38),(108,'Austin','2017-09-12 11:18:16.072263','2017-09-01 11:18:16.072263',5200,0,'辽K1683',185),(109,'Jordan','2016-04-12 11:18:16.080261','2015-01-10 11:18:16.080261',31000,0,'辽K6565',108),(110,'Nick','2017-04-16 11:18:16.087268','2016-09-25 11:18:16.087268',13500,0,'皖A2920',35),(111,'Riley','2017-01-05 11:18:16.096267','2017-04-05 11:18:16.096267',12000,0,'鲁N2013',174),(112,'Nathaniel','2016-09-23 11:18:16.103264','2017-01-08 11:18:16.103264',23000,0,'冀D2935',94),(113,'Roy','2016-07-29 11:18:16.111271','2016-06-04 11:18:16.111271',54000,0,'新B5436',120),(114,'Arnold','2017-06-18 11:18:16.119262','2016-12-04 11:18:16.119262',7400,0,'新B8756',70),(115,'Mark','2014-02-05 11:18:16.127261','2014-12-15 11:18:16.127261',44000,0,'新B5004',142),(116,'Joshua','2015-04-09 11:18:16.134264','2016-08-01 11:18:16.134264',14700,0,'豫B2755',19),(117,'Jeffery','2015-05-12 11:18:16.140262','2016-10-10 11:18:16.140262',10000,0,'豫E9819',161),(118,'Abraham','2017-01-10 11:18:16.148265','2016-03-31 11:18:16.148265',11900,0,'冀D9351',96),(119,'Norman','2017-02-03 11:18:16.156274','2017-05-21 11:18:16.156274',10000,0,'鲁N8995',130),(120,'Marshal','2015-09-15 11:18:16.162277','2015-04-21 11:18:16.162277',52000,0,'新B7823',182),(121,'Jackson','2016-12-06 11:18:16.169260','2017-03-14 11:18:16.169260',53000,0,'豫B2062',138),(122,'JimmyJames','2016-01-13 11:18:16.194275','2015-01-10 11:18:16.194275',10150,0,'冀D4893',14),(123,'Andy','2015-08-02 11:18:16.200279','2015-01-31 11:18:16.200279',5400,0,'皖A3617',112),(124,'Nicholas','2016-01-22 11:18:16.207274','2017-05-01 11:18:16.207274',54000,0,'冀D2943',89),(125,'Jackson','2016-08-10 11:18:16.214273','2015-02-17 11:18:16.214273',14700,0,'豫B8570',111),(126,'Ronald','2015-01-13 11:18:16.221276','2015-09-08 11:18:16.221276',16100,0,'豫E4886',165),(127,'Abel','2015-05-29 11:18:16.231268','2015-12-20 11:18:16.231268',3400,0,'辽K9458',2),(128,'Jerome','2014-12-07 11:18:16.238292','2017-01-24 11:18:16.238292',2800,0,'冀D6323',191),(129,'Alexander','2015-09-04 11:18:16.245288','2016-07-15 11:18:16.245288',13000,0,'辽K3777',45),(130,'Mason','2015-03-25 11:18:16.252295','2014-03-11 11:18:16.252295',38000,0,'新B5533',115),(131,'Alva','2016-06-12 11:18:16.260286','2015-04-08 11:18:16.260286',21000,0,'新B5648',133),(132,'JoeJoseph','2017-03-18 11:18:16.267286','2017-01-12 11:18:16.267286',3500,0,'鲁N4182',168),(133,'Noah','2016-09-01 11:18:16.274267','2015-02-03 11:18:16.274267',1600,0,'豫E3101',147),(134,'John','2014-05-11 11:18:16.281272','2014-11-30 11:18:16.281272',31800,0,'新B5114',86),(135,'Angus','2016-10-28 11:18:16.288285','2018-01-19 11:18:16.288285',22200,0,'豫E7599',105),(136,'Nicholas','2015-08-14 11:18:16.295284','2017-10-05 11:18:16.295284',19600,0,'皖A3160',156),(137,'Arnold','2017-04-23 11:18:16.302286','2016-07-11 11:18:16.302286',39000,0,'豫E2766',58),(138,'Max','2016-07-19 11:18:16.309264','2015-07-13 11:18:16.309264',1400,0,'豫B7425',31),(139,'Reed','2013-12-31 11:18:16.316260','2014-12-04 11:18:16.316260',5000,0,'皖A8001',85),(140,'Noah','2013-10-22 11:18:16.322292','2014-08-20 11:18:16.322292',20650,0,'鲁N4694',16),(141,'Joshua','2016-09-01 11:18:16.329262','2016-08-26 11:18:16.329262',7000,0,'豫B4825',146),(142,'Justin','2017-03-11 11:18:16.336263','2017-05-27 11:18:16.336263',9400,0,'豫B1823',53),(143,'Abel','2016-08-30 11:18:16.342402','2017-09-25 11:18:16.342402',9000,0,'辽K9876',26),(144,'JimmyJames','2015-08-10 11:18:16.349259','2016-01-25 11:18:16.349259',9600,0,'冀D6683',12),(145,'Jason','2015-10-25 11:18:16.377311','2015-12-08 11:18:16.377311',17150,0,'豫E1316',110),(146,'Alan','2015-03-14 11:18:16.385262','2014-09-19 11:18:16.385262',11550,0,'豫B3981',66),(147,'Nelson','2016-09-17 11:18:16.393312','2016-06-04 11:18:16.393312',34200,0,'皖A5858',4),(148,'Reed','2016-08-31 11:18:16.400268','2017-12-30 11:18:16.400268',5600,0,'皖A2163',127),(149,'Nathan','2018-05-02 11:18:16.407262','2018-05-26 11:18:16.407262',2800,0,'鲁N1429',44),(150,'JimmyJames','2014-05-24 11:18:16.414271','2016-06-08 11:18:16.414271',38000,0,'辽K9291',74),(151,'Adrian','2014-04-10 11:18:16.420290','2015-10-01 11:18:16.420290',4550,0,'辽K4399',23),(152,'Jesse','2018-02-21 11:18:16.427269','2017-12-31 11:18:16.427269',46000,0,'冀D9804',144),(153,'Alex','2014-06-18 11:18:16.434290','2014-04-07 11:18:16.434290',46000,0,'辽K2564',81),(154,'Johnny','2016-02-05 11:18:16.440290','2017-04-13 11:18:16.440290',11900,0,'冀D8969',54),(155,'Aaron','2015-04-21 11:18:16.447279','2017-02-18 11:18:16.447279',51000,0,'豫B1689',124),(156,'JamesJacob','2015-10-24 11:18:16.455292','2016-01-04 11:18:16.455292',3800,0,'辽K7062',106),(157,'Alan','2014-08-03 11:18:16.462283','2015-10-17 11:18:16.462283',13800,0,'皖A1279',66),(158,'JamesJacob','2015-07-19 11:18:16.468292','2014-09-07 11:18:16.468292',6200,0,'新B3173',106),(159,'Apollo','2015-12-23 11:18:16.476292','2016-01-14 11:18:16.476292',60000,0,'皖A8770',184),(160,'Jackson','2014-10-13 11:18:16.483289','2014-06-23 11:18:16.483289',8000,0,'新B8494',98),(161,'Jonathan','2016-09-28 11:18:16.489271','2018-04-10 11:18:16.489271',15000,0,'辽K9769',148),(162,'Abraham','2016-07-04 11:18:16.497263','2016-10-07 11:18:16.497263',46000,0,'冀D8372',175),(163,'JimJames','2014-01-19 11:18:16.505267','2014-01-16 11:18:16.505267',7500,0,'冀D8415',64),(164,'Jeffery','2017-07-22 11:18:16.512269','2017-02-10 11:18:16.512269',1800,0,'皖A8916',49),(165,'Matthew','2018-01-04 11:18:16.519268','2016-03-09 11:18:16.519268',31200,0,'豫E6600',101),(166,'Reed','2015-02-06 11:18:16.525289','2017-01-05 11:18:16.525289',5600,0,'豫E2033',56),(167,'Andrew','2017-07-13 11:18:16.532276','2016-10-16 11:18:16.532276',5200,0,'豫B2620',154),(168,'Jesse','2015-02-09 11:18:16.539292','2016-01-25 11:18:16.539292',3600,0,'皖A5228',144),(169,'Rock','2016-10-05 11:18:16.546290','2016-04-23 11:18:16.546290',7200,0,'豫E7846',179),(170,'Marks','2016-04-08 11:18:16.553267','2016-10-11 11:18:16.553267',18000,0,'鲁N1729',117),(171,'Jackson','2015-11-04 11:18:16.560270','2017-04-10 11:18:16.560270',27000,0,'皖A1445',98),(172,'Jack','2016-04-18 11:18:16.569260','2017-01-04 11:18:16.569260',18900,0,'皖A1025',183),(173,'Jack','2015-11-08 11:18:16.577276','2018-06-08 11:18:16.577276',11700,0,'皖A9724',155),(174,'Jack','2016-07-28 11:18:16.584261','2016-12-23 11:18:16.584261',5200,0,'冀D3519',170),(175,'Marcy','2017-05-09 11:18:16.591269','2015-05-21 11:18:16.591269',3600,0,'皖A5963',63),(176,'JimmyJames','2015-08-07 11:18:16.598266','2016-04-23 11:18:16.598266',10000,0,'豫E6159',74),(177,'Aidan','2017-03-14 11:18:16.603272','2015-08-22 11:18:16.603272',10200,0,'豫B2367',38),(178,'JoeJoseph','2016-07-08 11:18:16.609282','2017-01-12 11:18:16.609282',16450,0,'皖A7299',102),(179,'Jackson','2015-03-28 11:18:16.616282','2017-03-30 11:18:16.616282',3600,0,'新B3504',176),(180,'Alva','2017-12-24 11:18:16.623278','2018-06-24 11:18:16.623278',1000,0,'皖A7235',107),(181,'Jonathan','2015-02-01 11:18:16.629280','2015-02-21 11:18:16.629280',44000,0,'豫E2766',92),(182,'Abraham','2016-02-25 11:18:16.640262','2016-10-16 11:18:16.640262',25800,0,'豫E4797',175),(183,'Alexander','2014-09-06 11:18:16.648272','2015-06-29 11:18:16.648272',18550,0,'豫B8906',45),(184,'Jason','2016-01-16 11:18:16.656261','2014-09-18 11:18:16.656261',2200,0,'新B5130',122),(185,'Arthur','2016-06-12 11:18:16.683284','2016-05-29 11:18:16.683284',4550,0,'豫B6676',60),(186,'Mark','2016-07-24 11:18:16.689286','2016-09-07 11:18:16.689286',43000,0,'皖A7659',152),(187,'Nathaniel','2015-05-17 11:18:16.696286','2015-12-08 11:18:16.696286',13200,0,'辽K3875',158),(188,'Aaron','2018-01-01 11:18:16.703263','2016-05-17 11:18:16.703263',4900,0,'鲁N8696',124),(189,'Riley','2016-03-02 11:18:16.709264','2017-02-15 11:18:16.709264',9000,0,'鲁N5286',174),(190,'Jerome','2014-06-03 11:18:16.717263','2014-12-15 11:18:16.717263',15750,0,'豫E1156',191),(191,'Alva','2017-02-08 11:18:16.723264','2017-03-29 11:18:16.723264',2400,0,'辽K6634',133),(192,'Alan','2016-03-22 11:18:16.731275','2017-04-27 11:18:16.731275',7200,0,'冀D4146',66),(193,'John','2018-02-16 11:18:16.738262','2018-04-27 11:18:16.738262',1600,0,'豫B7675',150),(194,'JoeJoseph','2016-08-20 11:18:16.744261','2016-11-06 11:18:16.744261',10800,0,'新B7623',102),(195,'JoseJoseph','2017-05-07 11:18:16.752293','2015-07-22 11:18:16.752293',17700,0,'皖A1738',3),(196,'Abraham','2018-05-20 11:18:16.758283','2016-11-09 11:18:16.758283',14400,0,'豫B6933',175),(197,'Riley','2017-09-16 11:18:16.765269','2017-08-26 11:18:16.765269',5100,0,'辽K6337',174),(198,'Apollo','2016-12-31 11:18:16.773286','2015-07-14 11:18:16.773286',15050,0,'辽K6573',188),(199,'JoeJoseph','2017-07-07 11:18:16.786264','2016-12-24 11:18:16.786264',9000,0,'辽K7398',91),(200,'Jason','2015-11-07 11:18:16.795283','2016-09-16 11:18:16.795283',18600,0,'新B9542',122),(201,'Matthew','2017-04-26 11:18:16.805264','2015-07-31 11:18:16.805264',2400,0,'辽K2760',40),(202,'Jeffery','2016-05-05 11:18:16.812264','2017-07-23 11:18:16.812264',8800,0,'皖A8234',190),(203,'Marks','2017-02-10 11:18:16.818272','2017-09-05 11:18:16.818272',10800,0,'豫B6416',27),(204,'Ray','2017-04-09 11:18:16.824270','2017-04-13 11:18:16.824270',56000,0,'鲁N5983',90),(205,'Justin','2017-05-04 11:18:16.831286','2017-03-16 11:18:16.831286',8750,0,'豫B3718',53),(206,'Alfred','2017-01-12 11:18:16.837282','2017-10-01 11:18:16.837282',11200,0,'辽K7344',9),(207,'Joshua','2018-01-20 11:18:16.844261','2016-08-10 11:18:16.844261',43000,0,'新B3685',146),(208,'JoseJoseph','2016-01-19 11:18:16.850265','2015-06-14 11:18:16.850265',18550,0,'豫B1629',3),(209,'Andrew','2016-07-14 11:18:16.857283','2015-11-30 11:18:16.857283',25000,0,'辽K2282',154),(210,'John','2014-08-30 11:18:16.864280','2015-09-07 11:18:16.864280',24600,0,'冀D3732',150),(211,'John','2016-09-03 11:18:16.870262','2017-08-23 11:18:16.870262',52000,0,'冀D8280',186),(212,'JimmyJames','2018-06-24 11:18:16.877261','2016-12-19 11:18:16.877261',2800,0,'皖A6091',74),(213,'Jerome','2016-09-13 11:18:16.902268','2017-12-02 11:18:16.902268',8600,0,'皖A7246',191),(214,'Robinson','2016-10-30 11:18:16.908268','2015-06-24 11:18:16.908268',6300,0,'辽K4696',59),(215,'Jack','2014-11-10 11:18:16.914269','2016-01-27 11:18:16.914269',11200,0,'冀D3078',170),(216,'Robert','2014-08-12 11:18:16.920281','2016-08-02 11:18:16.920281',10800,0,'皖A7195',159),(217,'Robinson','2016-01-31 11:18:16.926286','2017-04-20 11:18:16.926286',3200,0,'皖A7246',59),(218,'Noah','2016-06-04 11:18:16.933260','2017-04-08 11:18:16.933260',4500,0,'辽K5692',114),(219,'Alex','2014-09-21 11:18:16.939283','2015-07-07 11:18:16.939283',8000,0,'豫B8878',72),(220,'JamesJacob','2015-07-12 11:18:16.945272','2017-07-22 11:18:16.945272',14000,0,'辽K7334',25),(221,'Marks','2017-06-27 11:18:16.951264','2016-04-04 11:18:16.951264',11800,0,'皖A2046',117),(222,'Nicholas','2016-03-27 11:18:16.958283','2017-02-22 11:18:16.958283',13300,0,'豫B8063',156),(223,'JoseJoseph','2016-07-15 11:18:16.965281','2015-12-08 11:18:16.965281',15400,0,'辽K2735',3),(224,'Roy','2015-04-10 11:18:16.972264','2016-11-23 11:18:16.972264',3000,0,'皖A1209',80),(225,'Alex','2015-06-21 11:18:16.979286','2017-04-30 11:18:16.979286',2000,0,'冀D3156',81),(226,'Robinson','2016-10-11 11:18:16.985270','2016-05-06 11:18:16.985270',20650,0,'豫E4101',59),(227,'Noah','2016-06-07 11:18:16.991282','2017-12-07 11:18:16.991282',5400,0,'新B9754',16),(228,'Matthew','2017-02-09 11:18:16.997265','2017-12-08 11:18:16.997265',20400,0,'辽K4740',101),(229,'Apollo','2015-06-13 11:18:17.003272','2016-02-03 11:18:17.003272',47000,0,'鲁N9110',188),(230,'Matthew','2017-10-06 11:18:17.009274','2016-11-17 11:18:17.009274',5400,0,'新B6202',40),(231,'Abraham','2015-05-04 11:18:17.016264','2014-10-02 11:18:17.016264',36000,0,'鲁N1647',34),(232,'Jonathan','2016-09-05 11:18:17.022273','2018-03-06 11:18:17.022273',12600,0,'皖A1738',148),(233,'Austin','2015-07-08 11:18:17.028286','2016-08-03 11:18:17.028286',2800,0,'皖A2129',185),(234,'Jackson','2016-10-24 11:18:17.034272','2018-07-02 11:18:17.034272',8000,0,'辽K9643',98),(235,'Mike','2016-06-21 11:18:17.041263','2015-03-04 11:18:17.041263',4500,0,'豫B6627',61),(236,'Reed','2014-09-11 11:18:17.047282','2015-10-10 11:18:17.047282',9000,0,'豫E4917',171),(237,'Max','2016-04-26 11:18:17.054272','2014-09-26 11:18:17.054272',35000,0,'豫E1729',167),(238,'Jason','2015-03-03 11:18:17.060283','2015-09-18 11:18:17.060283',42000,0,'豫B4660',122),(239,'Aidan','2015-02-23 11:18:17.067282','2016-01-27 11:18:17.067282',9800,0,'皖A4171',38),(240,'Nick','2016-07-10 11:18:17.074281','2017-07-14 11:18:17.074281',4800,0,'鲁N3357',119),(241,'Michael','2017-02-14 11:18:17.082270','2018-04-05 11:18:17.082270',1500,0,'豫B2905',18),(242,'Rex','2017-03-25 11:18:17.088262','2017-03-24 11:18:17.088262',59000,0,'冀D5012',24),(243,'Austin','2015-04-01 11:18:17.095282','2017-01-02 11:18:17.095282',37000,0,'豫E7469',185),(244,'JimmyJames','2013-11-24 11:18:17.102264','2014-11-02 11:18:17.102264',15750,0,'鲁N5131',162),(245,'JamesJacob','2016-10-30 11:18:17.108262','2016-04-12 11:18:17.108262',3000,0,'冀D2223',25),(246,'Jeffery','2017-05-13 11:18:17.114263','2017-10-01 11:18:17.114263',4600,0,'新B3173',161),(247,'JoseJoseph','2014-10-18 11:18:17.119285','2014-10-16 11:18:17.119285',7350,0,'豫B2044',71),(248,'Rex','2017-05-17 11:18:17.126262','2017-10-01 11:18:17.126262',5250,0,'辽K6510',129),(249,'Alex','2018-01-14 11:18:17.132264','2015-10-24 11:18:17.132264',18600,0,'豫E5987',47),(250,'Marks','2015-04-13 11:18:17.139262','2014-08-19 11:18:17.139262',10000,0,'辽K4078',104),(251,'Marcus','2015-12-23 11:18:17.146264','2015-10-04 11:18:17.146264',8000,0,'冀D1124',39),(252,'Nelson','2016-10-15 11:18:17.153264','2018-10-18 11:18:17.153264',15000,0,'鲁N8222',65),(253,'Marshal','2016-03-28 11:18:17.184270','2017-09-02 11:18:17.184270',55000,0,'鲁N8368',182),(254,'Marcy','2017-05-04 11:18:17.192272','2016-09-09 11:18:17.192272',3900,0,'新B1793',63),(255,'Reed','2016-02-04 11:18:17.199263','2015-11-16 11:18:17.199263',15600,0,'皖A9449',85),(256,'Jack','2014-10-03 11:18:17.206261','2014-04-24 11:18:17.206261',11550,0,'豫E4101',170),(257,'Abel','2016-03-23 11:18:17.213267','2017-09-29 11:18:17.213267',17850,0,'新B3897',26),(258,'Mark','2014-08-06 11:18:17.220266','2016-04-17 11:18:17.220266',16800,0,'辽K5741',57),(259,'Abraham','2015-11-27 11:18:17.251261','2015-07-17 11:18:17.251261',33000,0,'辽K2565',34),(260,'Marks','2016-06-28 11:18:17.259263','2014-04-25 11:18:17.259263',11000,0,'皖A8102',104),(261,'Abraham','2016-03-24 11:18:17.266262','2016-07-23 11:18:17.266262',12600,0,'新B1714',34),(262,'Albert','2017-10-30 11:18:17.273269','2017-05-04 11:18:17.273269',56000,0,'皖A8001',32),(263,'Alfred','2016-01-13 11:18:17.280265','2016-05-14 11:18:17.280265',11000,0,'辽K6243',9),(264,'Jeffery','2018-08-13 11:18:17.287267','2017-06-29 11:18:17.287267',2800,0,'新B4307',190),(265,'Angus','2016-05-12 11:18:17.294266','2017-04-13 11:18:17.294266',3150,0,'鲁N2081',105),(266,'Noah','2016-01-02 11:18:17.301263','2014-10-06 11:18:17.301263',12600,0,'皖A4992',16),(267,'Reed','2016-06-23 11:18:17.309264','2016-05-23 11:18:17.309264',38000,0,'辽K6243',85),(268,'Jordan','2016-02-07 11:18:17.316263','2017-10-31 11:18:17.316263',4200,0,'皖A3153',172),(269,'Noah','2015-10-02 11:18:17.341276','2016-10-25 11:18:17.341276',14400,0,'辽K7942',147),(270,'Jack','2016-04-18 11:18:17.348277','2017-03-19 11:18:17.348277',27600,0,'鲁N4013',170),(271,'Marks','2017-01-15 11:18:17.354266','2016-04-16 11:18:17.354266',6600,0,'辽K2743',27),(272,'Apollo','2015-03-19 11:18:17.360269','2016-02-04 11:18:17.360269',5100,0,'豫B1098',188),(273,'Robert','2017-05-27 11:18:17.366274','2016-08-27 11:18:17.366274',23400,0,'新B8653',48),(274,'Nicholas','2015-10-25 11:18:17.371293','2016-12-02 11:18:17.371293',11000,0,'辽K3971',10),(275,'Reed','2017-01-21 11:18:17.379266','2015-12-10 11:18:17.379266',25000,0,'鲁N8835',121),(276,'Adrian','2016-08-25 11:18:17.384276','2016-04-01 11:18:17.384276',4000,0,'新B8756',141),(277,'Robinson','2016-05-08 11:18:17.391262','2017-04-30 11:18:17.391262',11400,0,'豫B2078',187),(278,'Aidan','2014-10-28 11:18:17.397263','2014-08-23 11:18:17.397263',8400,0,'辽K3304',82),(279,'Randolph','2015-10-13 11:18:17.405265','2015-10-15 11:18:17.405265',15400,0,'皖A3153',79),(280,'Arnold','2014-06-18 11:18:17.429276','2015-08-30 11:18:17.429276',24600,0,'冀D5298',70),(281,'Joshua','2014-10-27 11:18:17.436263','2016-08-19 11:18:17.436263',31800,0,'豫E7128',19),(282,'Johnny','2015-06-26 11:18:17.443314','2015-04-24 11:18:17.443314',18600,0,'皖A2469',180),(283,'Adrian','2017-03-04 11:18:17.451264','2016-05-20 11:18:17.451264',15600,0,'辽K3090',23),(284,'Aaron','2014-10-22 11:18:17.459269','2015-06-03 11:18:17.459269',12600,0,'豫B7415',78),(285,'Johnny','2014-02-09 11:18:17.466340','2014-05-01 11:18:17.466340',4500,0,'冀D6683',180),(286,'Nicholas','2014-10-04 11:18:17.473291','2015-05-19 11:18:17.473291',12250,0,'冀D5550',10),(287,'JoeJoseph','2015-11-29 11:18:17.479262','2016-02-02 11:18:17.479262',50000,0,'豫B1689',132),(288,'Abraham','2016-11-06 11:18:17.486264','2016-09-26 11:18:17.486264',1500,0,'豫B2028',34),(289,'Joshua','2016-07-06 11:18:17.493296','2016-07-03 11:18:17.493296',2800,0,'皖A1813',146),(290,'JoeJoseph','2017-02-04 11:18:17.500306','2016-05-29 11:18:17.500306',10800,0,'辽K7235',168),(291,'Marshal','2015-06-24 11:18:17.507290','2016-07-07 11:18:17.507290',15900,0,'辽K2538',182),(292,'Arnold','2017-11-27 11:18:17.514290','2016-12-01 11:18:17.514290',3600,0,'新B1793',58),(293,'Nathan','2017-04-11 11:18:17.543264','2016-02-27 11:18:17.543264',45000,0,'冀D9804',87),(294,'Riley','2016-01-14 11:18:17.552264','2014-06-04 11:18:17.552264',5600,0,'冀D9594',174),(295,'Martin','2014-04-27 11:18:17.559274','2016-09-21 11:18:17.559274',3800,0,'冀D3156',136),(296,'Nicholas','2018-07-17 11:18:17.566263','2017-08-21 11:18:17.566263',9100,0,'皖A8420',10),(297,'Robinson','2017-07-25 11:18:17.575265','2017-01-14 11:18:17.575265',36000,0,'辽K3381',187),(298,'Nicholas','2017-04-06 11:18:17.582266','2015-02-18 11:18:17.582266',34200,0,'皖A3949',10),(299,'Max','2017-08-10 11:18:17.589291','2016-08-01 11:18:17.589291',4200,0,'新B3222',167),(300,'Randolph','2016-10-28 11:18:17.596265','2015-11-24 11:18:17.596265',58000,0,'辽K7393',83),(301,'Jonathan','2015-02-26 11:18:17.602287','2015-08-15 11:18:17.602287',6400,0,'皖A7094',148),(302,'Jerome','2016-12-16 11:18:17.609263','2016-08-21 11:18:17.609263',60000,0,'鲁N9337',191),(303,'Marcy','2016-08-01 11:18:17.617266','2018-11-23 11:18:17.617266',20300,0,'皖A9461',15),(304,'Roy','2016-05-31 11:18:17.622287','2015-04-27 11:18:17.622287',4200,0,'豫B2620',80),(305,'Angus','2015-11-15 11:18:17.629279','2015-08-16 11:18:17.629279',7800,0,'冀D3421',140),(306,'Matthew','2018-05-07 11:18:17.644262','2018-02-20 11:18:17.644262',26400,0,'豫B9127',40),(307,'Andy','2016-03-23 11:18:17.677263','2017-07-18 11:18:17.677263',11800,0,'冀D7554',112),(308,'Justin','2014-03-30 11:18:17.701275','2015-07-17 11:18:17.701275',8200,0,'豫E9797',53),(309,'Andy','2014-09-19 11:18:17.707279','2015-09-04 11:18:17.707279',8700,0,'辽K2538',97),(310,'JamesJacob','2016-08-21 11:18:17.715266','2015-10-26 11:18:17.715266',22200,0,'豫E7839',42),(311,'Robinson','2016-02-20 11:18:17.722276','2016-09-10 11:18:17.722276',16100,0,'新B8354',187),(312,'Abel','2016-10-06 11:18:17.729261','2015-09-04 11:18:17.729261',47000,0,'豫B4435',26),(313,'Nelson','2014-08-30 11:18:17.736260','2015-06-21 11:18:17.736260',8000,0,'豫B9732',65),(314,'Randolph','2016-08-25 11:18:17.762263','2016-10-25 11:18:17.762263',8200,0,'冀D7161',79),(315,'Angus','2016-07-19 11:18:17.768274','2017-06-13 11:18:17.768274',16200,0,'鲁N3293',140),(316,'Max','2015-05-19 11:18:17.775264','2016-05-10 11:18:17.775264',52000,0,'辽K1291',167),(317,'Nathaniel','2016-02-13 11:18:17.783268','2015-09-09 11:18:17.783268',11400,0,'新B8502',158),(318,'Anthony','2014-10-21 11:18:17.789276','2014-06-26 11:18:17.789276',11900,0,'皖A5617',22),(319,'Alexander','2015-12-13 11:18:17.797262','2016-02-11 11:18:17.797262',59000,0,'冀D9068',69),(320,'Jacob','2017-09-22 11:18:17.803277','2017-09-30 11:18:17.803277',44000,0,'皖A6154',8),(321,'JimJames','2014-12-27 11:18:17.811261','2016-01-17 11:18:17.811261',7800,0,'辽K7235',64),(322,'Robert','2018-01-08 11:18:17.820265','2016-10-15 11:18:17.820265',2800,0,'豫E2649',159),(323,'Nathan','2015-09-06 11:18:17.827262','2018-04-01 11:18:17.827262',57000,0,'皖A7542',113),(324,'Max','2017-04-08 11:18:17.834278','2016-11-16 11:18:17.834278',13800,0,'辽K1742',135),(325,'Abel','2017-04-13 11:18:17.841284','2016-06-28 11:18:17.841284',17150,0,'鲁N2025',137),(326,'Martin','2014-02-04 11:18:17.847276','2016-06-21 11:18:17.847276',25800,0,'辽K8144',76),(327,'Arnold','2015-09-07 11:18:17.854276','2016-08-26 11:18:17.854276',33000,0,'冀D8200',70),(328,'Alva','2016-02-29 11:18:17.862261','2015-11-07 11:18:17.862261',15050,0,'辽K7334',149),(329,'Martin','2017-01-19 11:18:17.886267','2016-07-19 11:18:17.886267',2450,0,'豫E7547',76),(330,'Jason','2016-08-15 11:18:17.893268','2017-06-03 11:18:17.893268',17000,0,'辽K2282',110),(331,'Adrian','2015-05-24 11:18:17.900266','2016-03-31 11:18:17.900266',8050,0,'冀D9998',75),(332,'Alan','2017-08-31 11:18:17.908316','2015-07-28 11:18:17.908316',18600,0,'豫B7559',118),(333,'Abel','2017-10-30 11:18:17.915302','2016-09-23 11:18:17.915302',8400,0,'鲁N7320',2),(334,'JoeJoseph','2017-05-27 11:18:17.922269','2017-05-21 11:18:17.922269',14700,0,'皖A6319',91),(335,'JimJames','2014-08-22 11:18:17.948264','2015-02-09 11:18:17.948264',6400,0,'豫E1833',64),(336,'Jerome','2015-09-01 11:18:17.956282','2017-08-16 11:18:17.956282',53000,0,'豫E7469',51),(337,'Jack','2016-03-17 11:18:17.963266','2015-04-21 11:18:17.963266',5200,0,'新B4676',183),(338,'Marks','2017-01-18 11:18:17.969266','2017-06-15 11:18:17.969266',7000,0,'冀D1682',104),(339,'Jerome','2015-09-07 11:18:17.977284','2014-08-01 11:18:17.977284',24600,0,'冀D7447',126),(340,'Nick','2017-03-17 11:18:17.985280','2015-07-29 11:18:17.985280',8000,0,'豫E6241',119),(341,'Jacob','2017-04-29 11:18:17.992266','2017-07-02 11:18:17.992266',16800,0,'辽K8794',8),(342,'Robert','2015-01-30 11:18:18.000274','2017-01-14 11:18:18.000274',14700,0,'豫B4804',159),(343,'Albert','2017-04-16 11:18:18.026273','2015-10-09 11:18:18.026273',32000,0,'皖A5889',32),(344,'Jackson','2016-02-03 11:18:18.035393','2016-07-15 11:18:18.035393',15750,0,'辽K3795',98),(345,'Alfred','2016-12-09 11:18:18.042291','2017-03-27 11:18:18.042291',8400,0,'豫B8886',145),(346,'Nathan','2014-04-23 11:18:18.051265','2014-07-29 11:18:18.051265',15000,0,'豫B6416',113),(347,'Jonathan','2016-06-10 11:18:18.058261','2018-08-31 11:18:18.058261',27600,0,'鲁N7558',123),(348,'JoseJoseph','2016-06-23 11:18:18.066268','2018-03-02 11:18:18.066268',7700,0,'豫B8424',181),(349,'Mark','2017-07-09 11:18:18.074270','2016-05-01 11:18:18.074270',7600,0,'冀D1374',142),(350,'Abraham','2017-02-07 11:18:18.099282','2017-02-16 11:18:18.099282',16800,0,'豫B1540',34),(351,'Ronald','2015-08-10 11:18:18.106285','2016-08-24 11:18:18.106285',25800,0,'辽K8538',165),(352,'Randolph','2014-12-27 11:18:18.114278','2015-04-06 11:18:18.114278',57000,0,'鲁N6379',83),(353,'Alan','2016-05-09 11:18:18.122271','2015-08-15 11:18:18.122271',19600,0,'皖A1813',66),(354,'Abraham','2017-09-07 11:18:18.129289','2016-06-25 11:18:18.129289',30000,0,'豫E7839',67),(355,'Alan','2014-09-10 11:18:18.136281','2015-08-31 11:18:18.136281',4000,0,'皖A5755',118),(356,'Alva','2014-12-06 11:18:18.143284','2017-01-18 11:18:18.143284',53000,0,'皖A9703',149),(357,'Alva','2016-10-20 11:18:18.150267','2017-06-12 11:18:18.150267',2700,0,'新B5809',133),(358,'Adrian','2017-06-02 11:18:18.157266','2017-04-01 11:18:18.157266',18000,0,'豫B9127',23),(359,'Mark','2014-08-07 11:18:18.164287','2014-08-30 11:18:18.164287',10800,0,'豫B3788',152),(360,'Angus','2016-09-13 11:18:18.177285','2016-05-15 11:18:18.177285',2400,0,'鲁N8737',140),(361,'Adrian','2016-09-15 11:18:18.184282','2017-05-17 11:18:18.184282',12900,0,'鲁N8519',141),(362,'JamesJacob','2017-09-26 11:18:18.191265','2016-09-10 11:18:18.191265',30000,0,'皖A2571',25),(363,'Alva','2015-09-29 11:18:18.199264','2015-11-18 11:18:18.199264',15000,0,'新B6444',133),(364,'Mike','2016-05-18 11:18:18.210261','2016-09-17 11:18:18.210261',47000,0,'豫B4825',68),(365,'Jack','2014-02-13 11:18:18.219264','2016-04-30 11:18:18.219264',13200,0,'鲁N3019',62),(366,'Reed','2016-10-26 11:18:18.250268','2017-07-30 11:18:18.250268',15600,0,'皖A7298',121),(367,'JimmyJames','2015-11-09 11:18:18.258270','2016-02-21 11:18:18.258270',18200,0,'鲁N1205',143),(368,'Aidan','2015-08-17 11:18:18.266269','2017-12-05 11:18:18.266269',46000,0,'辽K3971',178),(369,'Reed','2015-04-01 11:18:18.273267','2015-11-13 11:18:18.273267',4800,0,'冀D5903',121),(370,'Randolph','2015-12-03 11:18:18.281269','2014-06-03 11:18:18.281269',16200,0,'鲁N4910',83),(371,'Austin','2015-09-27 11:18:18.287269','2016-08-06 11:18:18.287269',11800,0,'新B7380',185),(372,'Angus','2014-03-30 11:18:18.293278','2015-03-24 11:18:18.293278',22000,0,'豫E5266',140),(373,'Angus','2018-08-20 11:18:18.300272','2017-01-01 11:18:18.300272',22000,0,'辽K2564',105),(374,'Jordan','2014-10-13 11:18:18.307262','2017-02-13 11:18:18.307262',17500,0,'皖A9461',108),(375,'Jay','2017-09-06 11:18:18.314261','2016-08-10 11:18:18.314261',1800,0,'皖A6503',52),(376,'Norman','2015-11-16 11:18:18.342262','2016-03-26 11:18:18.342262',15600,0,'豫E2283',33),(377,'Mark','2013-10-13 11:18:18.352267','2016-02-11 11:18:18.352267',1750,0,'冀D6323',57),(378,'Ronald','2016-03-09 11:18:18.359264','2016-12-11 11:18:18.359264',3400,0,'皖A5298',192),(379,'Roy','2014-12-06 11:18:18.366265','2016-04-08 11:18:18.366265',15300,0,'豫E8907',80),(380,'Jackson','2018-06-18 11:18:18.373266','2018-09-15 11:18:18.373266',22800,0,'辽K3062',98),(381,'Nelson','2015-03-27 11:18:18.380276','2016-02-16 11:18:18.380276',10850,0,'冀D4893',153),(382,'Alva','2016-10-14 11:18:18.386276','2016-09-27 11:18:18.386276',9800,0,'冀D1389',107),(383,'Abel','2016-02-21 11:18:18.393276','2014-05-08 11:18:18.393276',30600,0,'辽K8354',137),(384,'Marcy','2014-04-03 11:18:18.399262','2014-03-13 11:18:18.399262',16200,0,'辽K6961',15),(385,'Alva','2015-05-05 11:18:18.406259','2015-02-07 11:18:18.406259',6200,0,'皖A1292',107),(386,'JoseJoseph','2016-03-30 11:18:18.432266','2016-02-09 11:18:18.432266',33600,0,'辽K3501',3),(387,'Austin','2016-07-07 11:18:18.439274','2018-03-13 11:18:18.439274',4600,0,'辽K2251',41),(388,'JimmyJames','2017-01-19 11:18:18.445276','2017-05-11 11:18:18.445276',3200,0,'豫E6159',74),(389,'Abraham','2015-03-12 11:18:18.452265','2016-06-15 11:18:18.452265',7800,0,'豫E4917',67),(390,'Austin','2017-04-07 11:18:18.458268','2016-12-24 11:18:18.458268',12000,0,'新B7380',185),(391,'Riley','2015-05-22 11:18:18.483313','2016-04-18 11:18:18.483313',12300,0,'豫E8469',174),(392,'Martin','2016-03-11 11:18:18.490279','2016-01-22 11:18:18.490279',32000,0,'豫B2898',157),(393,'Aidan','2017-08-16 11:18:18.498312','2016-07-04 11:18:18.498312',12900,0,'皖A7843',82),(394,'Max','2016-03-28 11:18:18.506270','2015-01-09 11:18:18.506270',9600,0,'豫E4112',135),(395,'Abraham','2017-03-30 11:18:18.512328','2017-01-13 11:18:18.512328',1400,0,'鲁N9146',96),(396,'Matthew','2016-04-13 11:18:18.519276','2015-09-05 11:18:18.519276',5000,0,'辽K8403',101),(397,'Jesse','2014-08-30 11:18:18.528265','2016-03-18 11:18:18.528265',4200,0,'冀D7507',144),(398,'Arthur','2016-01-01 11:18:18.534270','2015-05-30 11:18:18.534270',12950,0,'鲁N9053',60),(399,'JimmyJames','2017-01-25 11:18:18.544263','2016-12-29 11:18:18.544263',6300,0,'新B4307',143),(400,'Abraham','2016-04-05 11:18:18.556273','2016-03-15 11:18:18.556273',9300,0,'皖A6348',131),(401,'Roy','2016-10-05 11:18:18.584270','2016-03-30 11:18:18.584270',4900,0,'冀D9895',55),(402,'Jackson','2017-10-04 11:18:18.608266','2017-03-02 11:18:18.608266',7500,0,'辽K8384',99),(403,'Adrian','2015-04-18 11:18:18.644264','2016-10-29 11:18:18.644264',54000,0,'辽K2426',23),(404,'Alfred','2014-08-13 11:18:18.652266','2015-06-27 11:18:18.652266',8400,0,'豫E2262',145),(405,'Nelson','2016-06-21 11:18:18.660265','2016-07-19 11:18:18.660265',4200,0,'辽K4355',169),(406,'Jackson','2016-06-15 11:18:18.688264','2016-11-28 11:18:18.688264',11200,0,'新B4332',95),(407,'Adrian','2017-04-25 11:18:18.694262','2017-09-05 11:18:18.694262',11200,0,'皖A3617',23),(408,'Jonathan','2014-09-06 11:18:18.701265','2015-08-14 11:18:18.701265',33600,0,'辽K1742',92),(409,'JoeJoseph','2016-10-29 11:18:18.708283','2018-02-19 11:18:18.708283',25200,0,'新B9745',168),(410,'Ronald','2015-07-22 11:18:18.715266','2016-10-29 11:18:18.715266',6300,0,'皖A3535',50),(411,'Mason','2014-12-20 11:18:18.721264','2016-03-12 11:18:18.721264',4800,0,'鲁N9458',115),(412,'JoseJoseph','2017-09-18 11:18:18.727262','2017-01-23 11:18:18.727262',3000,0,'冀D1813',71),(413,'Arnold','2015-06-25 11:18:18.735270','2014-09-28 11:18:18.735270',18600,0,'冀D9601',70),(414,'Aidan','2017-04-08 11:18:18.742282','2015-11-13 11:18:18.742282',35000,0,'辽K3723',38),(415,'John','2017-05-08 11:18:18.749276','2016-03-20 11:18:18.749276',8600,0,'皖A2263',150),(416,'Jason','2014-06-25 11:18:18.756261','2014-03-04 11:18:18.756261',48000,0,'新B4401',160),(417,'Ronald','2018-05-14 11:18:18.763270','2018-06-21 11:18:18.763270',18000,0,'鲁N3954',192),(418,'Jay','2016-06-01 11:18:18.772274','2017-09-02 11:18:18.772274',5800,0,'豫B9786',52),(419,'Noah','2015-03-24 11:18:18.778277','2014-12-17 11:18:18.778277',30000,0,'豫B4844',114),(420,'Jeffery','2016-07-24 11:18:18.785260','2018-03-16 11:18:18.785260',11800,0,'新B4332',161),(421,'Joshua','2016-10-24 11:18:18.811277','2015-03-14 11:18:18.811277',7700,0,'新B6097',17),(422,'Jordan','2015-06-03 11:18:18.819278','2015-03-28 11:18:18.819278',2800,0,'豫E9206',172),(423,'Mike','2015-09-28 11:18:18.826262','2016-08-13 11:18:18.826262',13300,0,'新B8369',68),(424,'Alexander','2017-05-19 11:18:18.834309','2016-10-24 11:18:18.834309',27000,0,'皖A5752',45),(425,'Jackson','2016-02-23 11:18:18.840284','2016-02-28 11:18:18.840284',7000,0,'皖A1577',95),(426,'Albert','2016-11-05 11:18:18.846267','2017-02-11 11:18:18.846267',15000,0,'冀D8346',6),(427,'Jesse','2017-11-21 11:18:18.853406','2017-04-02 11:18:18.853406',24600,0,'冀D4300',144),(428,'Andrew','2016-11-11 11:18:18.859397','2017-10-01 11:18:18.859397',1000,0,'豫B7994',11),(429,'Abraham','2016-05-22 11:18:18.866266','2016-11-03 11:18:18.866266',2100,0,'豫E5063',34),(430,'Joshua','2017-07-22 11:18:18.874289','2017-07-21 11:18:18.874289',2100,0,'鲁N3975',103),(431,'Nelson','2016-09-01 11:18:18.880293','2017-07-04 11:18:18.880293',46000,0,'新B5436',169),(432,'Alva','2016-09-22 11:18:18.887268','2017-06-08 11:18:18.887268',53000,0,'皖A5752',133),(433,'Max','2016-05-12 11:18:18.894267','2015-11-07 11:18:18.894267',18900,0,'冀D6727',31),(434,'Alfred','2015-02-05 11:18:18.900290','2017-06-06 11:18:18.900290',10000,0,'豫E3535',9),(435,'Angus','2015-11-20 11:18:18.906292','2014-05-20 11:18:18.906292',32400,0,'辽K8354',140),(436,'Aidan','2017-06-02 11:18:18.913294','2016-09-27 11:18:18.913294',8400,0,'鲁N2372',82),(437,'JoseJoseph','2016-07-23 11:18:18.919289','2016-09-23 11:18:18.919289',9000,0,'豫B5241',3),(438,'John','2014-08-16 11:18:18.925377','2014-03-23 11:18:18.925377',12900,0,'豫E7411',86),(439,'Randolph','2015-07-28 11:18:18.931292','2017-07-15 11:18:18.931292',10000,0,'鲁N3255',83),(440,'Jackson','2015-11-19 11:18:18.938347','2015-10-30 11:18:18.938347',12250,0,'皖A4983',95),(441,'John','2015-09-14 11:18:18.945282','2015-11-04 11:18:18.945282',8000,0,'皖A3618',150),(442,'Norman','2017-05-10 11:18:18.951277','2018-01-06 11:18:18.951277',6650,0,'豫B8906',33),(443,'John','2016-05-05 11:18:18.957291','2017-04-26 11:18:18.957291',48000,0,'豫B4783',134),(444,'Ray','2015-09-12 11:18:18.965263','2016-05-04 11:18:18.965263',6300,0,'豫E2283',90),(445,'Nicholas','2014-03-28 11:18:18.971262','2014-11-08 11:18:18.971262',7400,0,'豫E8118',89),(446,'Nathan','2015-07-19 11:18:18.978266','2017-11-09 11:18:18.978266',47000,0,'新B8766',113),(447,'Apollo','2015-04-03 11:18:18.984272','2016-02-29 11:18:18.984272',20300,0,'鲁N6420',184),(448,'Abel','2017-08-10 11:18:18.990322','2016-05-23 11:18:18.990322',38000,0,'豫B2053',137),(449,'John','2016-01-06 11:18:18.997266','2016-01-10 11:18:18.997266',22000,0,'新B7610',86),(450,'Adrian','2016-01-03 11:18:19.003264','2016-10-21 11:18:19.003264',54000,0,'新B4335',23),(451,'Aidan','2016-07-26 11:18:19.028383','2015-11-01 11:18:19.028383',7400,0,'豫B9162',82),(452,'Jacob','2014-06-26 11:18:19.035269','2014-11-26 11:18:19.035269',7800,0,'豫B2367',8),(453,'Ronald','2017-01-29 11:18:19.043283','2016-06-10 11:18:19.043283',35400,0,'皖A8008',37),(454,'Joshua','2015-06-08 11:18:19.049290','2015-06-20 11:18:19.049290',34000,0,'冀D2039',146),(455,'JimJames','2014-06-18 11:18:19.055282','2015-02-18 11:18:19.055282',9450,0,'辽K7444',64),(456,'JoseJoseph','2016-07-17 11:18:19.061262','2016-06-30 11:18:19.061262',13200,0,'冀D9601',3),(457,'Reed','2017-03-07 11:18:19.067282','2016-08-25 11:18:19.067282',20000,0,'辽K6243',121),(458,'Andrew','2015-05-03 11:18:19.075285','2015-01-15 11:18:19.075285',7800,0,'冀D2605',11),(459,'Jackson','2015-01-09 11:18:19.082287','2016-02-02 11:18:19.082287',17000,0,'鲁N5352',176),(460,'Andy','2018-01-25 11:18:19.089266','2018-02-28 11:18:19.089266',13200,0,'冀D4860',164),(461,'Jack','2017-01-28 11:18:19.095290','2015-08-20 11:18:19.095290',6600,0,'新B6163',183),(462,'JoseJoseph','2014-05-12 11:18:19.103289','2015-07-13 11:18:19.103289',10800,0,'皖A9449',181),(463,'Jerome','2018-04-23 11:18:19.109286','2018-07-08 11:18:19.109286',16800,0,'鲁N7275',191),(464,'Jerome','2015-07-18 11:18:19.116284','2014-11-17 11:18:19.116284',5950,0,'鲁N2025',126),(465,'Marcy','2015-03-27 11:18:19.122285','2015-12-28 11:18:19.122285',12000,0,'鲁N4987',128),(466,'Marks','2017-12-22 11:18:19.129262','2018-09-21 11:18:19.129262',3600,0,'新B5863',27),(467,'Matthew','2016-11-20 11:18:19.154262','2018-04-29 11:18:19.154262',11000,0,'豫E3286',101),(468,'Noah','2014-03-30 11:18:19.161280','2015-09-20 11:18:19.161280',39000,0,'皖A2231',147),(469,'JoeJoseph','2016-03-20 11:18:19.169288','2017-04-18 11:18:19.169288',12600,0,'辽K2538',132),(470,'Mike','2017-05-07 11:18:19.176267','2017-05-17 11:18:19.176267',19200,0,'豫B5241',61),(471,'Reed','2015-10-27 11:18:19.182285','2015-07-16 11:18:19.182285',5400,0,'辽K8794',85),(472,'John','2017-05-09 11:18:19.189382','2017-10-12 11:18:19.189382',1000,0,'新B7168',150),(473,'Abraham','2014-08-23 11:18:19.195286','2015-05-30 11:18:19.195286',3600,0,'皖A9449',131),(474,'Jesse','2017-07-14 11:18:19.202285','2018-03-20 11:18:19.202285',5400,0,'豫E4619',144),(475,'Mark','2014-09-14 11:18:19.210282','2015-11-13 11:18:19.210282',23400,0,'新B8085',57),(476,'Max','2016-05-01 11:18:19.218274','2015-10-02 11:18:19.218274',6900,0,'辽K6337',31),(477,'Abel','2016-08-01 11:18:19.223284','2016-05-27 11:18:19.223284',5400,0,'鲁N5809',26),(478,'Jason','2015-07-28 11:18:19.230347','2017-08-04 11:18:19.230347',28800,0,'豫E6844',160),(479,'Abel','2015-12-08 11:18:19.237262','2015-10-21 11:18:19.237262',26000,0,'鲁N1551',100),(480,'Ray','2015-10-11 11:18:19.243286','2015-11-24 11:18:19.243286',4800,0,'冀D1868',90),(481,'Angus','2016-10-08 11:18:19.249266','2017-01-17 11:18:19.249266',9600,0,'新B6725',88),(482,'Jay','2014-05-03 11:18:19.257271','2014-01-29 11:18:19.257271',11700,0,'新B6202',5),(483,'JoseJoseph','2016-08-30 11:18:19.263267','2017-04-17 11:18:19.263267',15050,0,'皖A3160',181),(484,'Nelson','2017-06-03 11:18:19.269271','2015-06-30 11:18:19.269271',24000,0,'皖A9450',4),(485,'Alva','2016-12-01 11:18:19.277267','2015-10-12 11:18:19.277267',5700,0,'辽K4933',149),(486,'Aidan','2017-03-08 11:18:19.284263','2016-04-30 11:18:19.284263',10200,0,'皖A1540',38),(487,'Abel','2018-04-05 11:18:19.291266','2016-01-24 11:18:19.291266',7200,0,'冀D3078',137),(488,'Jack','2015-09-07 11:18:19.298270','2014-06-21 11:18:19.298270',32400,0,'皖A6769',170),(489,'Alex','2015-04-15 11:18:19.305263','2015-09-18 11:18:19.305263',31800,0,'新B6725',72),(490,'Johnny','2016-11-19 11:18:19.312281','2016-03-12 11:18:19.312281',6000,0,'新B7518',180),(491,'JamesJacob','2015-09-24 11:18:19.322265','2016-12-06 11:18:19.322265',7500,0,'鲁N8531',42),(492,'Jay','2016-05-31 11:18:19.330265','2017-03-28 11:18:19.330265',43000,0,'鲁N2698',5),(493,'Reed','2016-12-16 11:18:19.337266','2016-01-02 11:18:19.337266',6600,0,'冀D3078',13),(494,'Marcy','2014-08-25 11:18:19.349264','2015-12-04 11:18:19.349264',10500,0,'皖A7548',128),(495,'Norman','2017-09-13 11:18:19.357264','2017-03-11 11:18:19.357264',14700,0,'冀D2052',33),(496,'Marshal','2017-10-29 11:18:19.365263','2016-09-15 11:18:19.365263',32000,0,'豫E6018',182),(497,'Nelson','2017-11-15 11:18:19.371273','2017-02-18 11:18:19.371273',19800,0,'辽K9038',65),(498,'Roy','2017-01-28 11:18:19.379267','2015-06-18 11:18:19.379267',14400,0,'豫E6844',120),(499,'Andrew','2015-05-01 11:18:19.385276','2016-12-28 11:18:19.385276',5800,0,'豫E8738',154),(500,'Arthur','2015-04-14 11:18:19.392263','2016-06-16 11:18:19.392263',33000,0,'冀D7000',151);
/*!40000 ALTER TABLE `record` ENABLE KEYS */;
UNLOCK TABLES;
/*!40103 SET TIME_ZONE=@OLD_TIME_ZONE */;

/*!40101 SET SQL_MODE=@OLD_SQL_MODE */;
/*!40014 SET FOREIGN_KEY_CHECKS=@OLD_FOREIGN_KEY_CHECKS */;
/*!40014 SET UNIQUE_CHECKS=@OLD_UNIQUE_CHECKS */;
/*!40101 SET CHARACTER_SET_CLIENT=@OLD_CHARACTER_SET_CLIENT */;
/*!40101 SET CHARACTER_SET_RESULTS=@OLD_CHARACTER_SET_RESULTS */;
/*!40101 SET COLLATION_CONNECTION=@OLD_COLLATION_CONNECTION */;
/*!40111 SET SQL_NOTES=@OLD_SQL_NOTES */;

-- Dump completed on 2019-04-20 21:51:45
